20180112,序,持股/單位數分級,人　　數,股　　數/單位數,佔集保庫存數比例 (%)
20180112,1,1-999,"145,546","31,784,156",0.12
20180112,2,"1,000-5,000","123,851","255,784,125",0.98
20180112,3,"5,001-10,000","22,273","159,609,421",0.61
20180112,4,"10,001-15,000","8,582","104,521,203",0.40
20180112,5,"15,001-20,000","3,993","70,218,980",0.27
20180112,6,"20,001-30,000","4,339","105,614,271",0.40
20180112,7,"30,001-40,000","2,123","73,450,301",0.28
20180112,8,"40,001-50,000","1,356","61,016,912",0.23
20180112,9,"50,001-100,000","2,622","183,892,553",0.70
20180112,10,"100,001-200,000","1,497","209,417,690",0.80
20180112,11,"200,001-400,000","1,001","281,887,813",1.08
20180112,12,"400,001-600,000",411,"200,413,282",0.77
20180112,13,"600,001-800,000",243,"168,772,864",0.65
20180112,14,"800,001-1,000,000",207,"185,466,606",0.71
20180112,15,"1,000,001以上","1,420","23,838,530,281",91.93
20180112,,合　計,"319,464","25,930,380,458",100.00
20180105,序,持股/單位數分級,人　　數,股　　數/單位數,佔集保庫存數比例 (%)
20180105,1,1-999,"145,571","31,794,194",0.12
20180105,2,"1,000-5,000","125,400","258,455,605",0.99
20180105,3,"5,001-10,000","22,420","160,776,582",0.62
20180105,4,"10,001-15,000","8,587","104,568,599",0.40
20180105,5,"15,001-20,000","4,010","70,511,054",0.27
20180105,6,"20,001-30,000","4,362","106,265,579",0.40
20180105,7,"30,001-40,000","2,115","73,225,799",0.28
20180105,8,"40,001-50,000","1,356","60,949,800",0.23
20180105,9,"50,001-100,000","2,623","183,741,362",0.70
20180105,10,"100,001-200,000","1,495","209,492,760",0.80
20180105,11,"200,001-400,000",988,"279,364,197",1.07
20180105,12,"400,001-600,000",412,"201,012,634",0.77
20180105,13,"600,001-800,000",247,"171,270,338",0.66
20180105,14,"800,001-1,000,000",203,"181,245,242",0.69
20180105,15,"1,000,001以上","1,419","23,837,706,713",91.92
20180105,,合　計,"321,208","25,930,380,458",100.00
20171229,序,持股/單位數分級,人　　數,股　　數/單位數,佔集保庫存數比例 (%)
20171229,1,1-999,"145,462","31,764,083",0.12
20171229,2,"1,000-5,000","127,981","263,456,798",1.01
20171229,3,"5,001-10,000","22,699","162,756,525",0.62
20171229,4,"10,001-15,000","8,666","105,613,061",0.40
20171229,5,"15,001-20,000","4,043","71,111,767",0.27
20171229,6,"20,001-30,000","4,415","107,530,811",0.41
20171229,7,"30,001-40,000","2,129","73,646,263",0.28
20171229,8,"40,001-50,000","1,363","61,300,073",0.23
20171229,9,"50,001-100,000","2,630","184,134,092",0.71
20171229,10,"100,001-200,000","1,508","210,968,752",0.81
20171229,11,"200,001-400,000",990,"279,794,954",1.07
20171229,12,"400,001-600,000",409,"199,722,960",0.77
20171229,13,"600,001-800,000",250,"173,777,274",0.67
20171229,14,"800,001-1,000,000",205,"183,232,128",0.70
20171229,15,"1,000,001以上","1,414","23,821,570,917",91.86
20171229,,合　計,"324,164","25,930,380,458",100.00
20171222,序,持股/單位數分級,人　　數,股　　數/單位數,佔集保庫存數比例 (%)
20171222,1,1-999,"145,485","31,776,499",0.12
20171222,2,"1,000-5,000","128,124","263,854,149",1.01
20171222,3,"5,001-10,000","22,655","162,459,993",0.62
20171222,4,"10,001-15,000","8,688","105,853,671",0.40
20171222,5,"15,001-20,000","4,032","70,892,428",0.27
20171222,6,"20,001-30,000","4,428","107,865,619",0.41
20171222,7,"30,001-40,000","2,117","73,220,035",0.28
20171222,8,"40,001-50,000","1,359","61,067,217",0.23
20171222,9,"50,001-100,000","2,639","184,603,556",0.71
20171222,10,"100,001-200,000","1,514","212,064,377",0.81
20171222,11,"200,001-400,000",987,"278,563,572",1.07
20171222,12,"400,001-600,000",409,"199,704,587",0.77
20171222,13,"600,001-800,000",254,"176,411,250",0.68
20171222,14,"800,001-1,000,000",203,"181,720,880",0.70
20171222,15,"1,000,001以上","1,418","23,820,322,625",91.86
20171222,,合　計,"324,312","25,930,380,458",100.00
20171215,序,持股/單位數分級,人　　數,股　　數/單位數,佔集保庫存數比例 (%)
20171215,1,1-999,"145,552","31,805,252",0.12
20171215,2,"1,000-5,000","127,372","262,352,432",1.01
20171215,3,"5,001-10,000","22,571","161,800,937",0.62
20171215,4,"10,001-15,000","8,667","105,649,886",0.40
20171215,5,"15,001-20,000","3,988","70,109,446",0.27
20171215,6,"20,001-30,000","4,396","107,049,987",0.41
20171215,7,"30,001-40,000","2,122","73,384,360",0.28
20171215,8,"40,001-50,000","1,356","60,931,305",0.23
20171215,9,"50,001-100,000","2,633","184,154,096",0.71
20171215,10,"100,001-200,000","1,507","210,650,054",0.81
20171215,11,"200,001-400,000",995,"281,078,896",1.08
20171215,12,"400,001-600,000",414,"201,990,142",0.77
20171215,13,"600,001-800,000",255,"177,050,454",0.68
20171215,14,"800,001-1,000,000",193,"172,745,803",0.66
20171215,15,"1,000,001以上","1,423","23,829,627,408",91.89
20171215,,合　計,"323,444","25,930,380,458",100.00
20171208,序,持股/單位數分級,人　　數,股　　數/單位數,佔集保庫存數比例 (%)
20171208,1,1-999,"145,610","31,821,888",0.12
20171208,2,"1,000-5,000","126,928","261,604,567",1.00
20171208,3,"5,001-10,000","22,535","161,537,386",0.62
20171208,4,"10,001-15,000","8,630","105,136,347",0.40
20171208,5,"15,001-20,000","3,987","70,094,401",0.27
20171208,6,"20,001-30,000","4,394","106,959,820",0.41
20171208,7,"30,001-40,000","2,123","73,421,279",0.28
20171208,8,"40,001-50,000","1,341","60,256,489",0.23
20171208,9,"50,001-100,000","2,626","183,419,801",0.70
20171208,10,"100,001-200,000","1,513","211,368,529",0.81
20171208,11,"200,001-400,000",989,"279,533,264",1.07
20171208,12,"400,001-600,000",426,"207,427,297",0.79
20171208,13,"600,001-800,000",253,"175,808,578",0.67
20171208,14,"800,001-1,000,000",198,"177,291,808",0.68
20171208,15,"1,000,001以上","1,413","23,824,699,004",91.87
20171208,,合　計,"322,966","25,930,380,458",100.00
20171201,序,持股/單位數分級,人　　數,股　　數/單位數,佔集保庫存數比例 (%)
20171201,1,1-999,"145,525","31,813,966",0.12
20171201,2,"1,000-5,000","127,447","262,147,806",1.01
20171201,3,"5,001-10,000","22,557","161,704,687",0.62
20171201,4,"10,001-15,000","8,641","105,297,200",0.40
20171201,5,"15,001-20,000","4,005","70,471,299",0.27
20171201,6,"20,001-30,000","4,413","107,501,148",0.41
20171201,7,"30,001-40,000","2,116","73,193,033",0.28
20171201,8,"40,001-50,000","1,356","61,015,997",0.23
20171201,9,"50,001-100,000","2,638","184,718,785",0.71
20171201,10,"100,001-200,000","1,523","213,484,719",0.82
20171201,11,"200,001-400,000",981,"277,823,199",1.07
20171201,12,"400,001-600,000",426,"206,643,692",0.79
20171201,13,"600,001-800,000",253,"175,404,427",0.67
20171201,14,"800,001-1,000,000",187,"167,347,852",0.64
20171201,15,"1,000,001以上","1,426","23,831,812,648",91.90
20171201,,合　計,"323,494","25,930,380,458",100.00
20171124,序,持股/單位數分級,人　　數,股　　數/單位數,佔集保庫存數比例 (%)
20171124,1,1-999,"145,946","31,950,638",0.12
20171124,2,"1,000-5,000","121,627","251,015,615",0.96
20171124,3,"5,001-10,000","22,051","157,957,071",0.60
20171124,4,"10,001-15,000","8,422","102,445,430",0.39
20171124,5,"15,001-20,000","3,927","69,039,901",0.26
20171124,6,"20,001-30,000","4,349","105,876,570",0.40
20171124,7,"30,001-40,000","2,091","72,343,220",0.27
20171124,8,"40,001-50,000","1,330","59,757,152",0.23
20171124,9,"50,001-100,000","2,616","183,217,187",0.70
20171124,10,"100,001-200,000","1,499","210,547,160",0.81
20171124,11,"200,001-400,000",992,"281,430,400",1.08
20171124,12,"400,001-600,000",422,"205,704,272",0.79
20171124,13,"600,001-800,000",248,"172,435,816",0.66
20171124,14,"800,001-1,000,000",191,"170,744,762",0.65
20171124,15,"1,000,001以上","1,425","23,855,915,264",91.99
20171124,,合　計,"317,136","25,930,380,458",100.00
20171117,序,持股/單位數分級,人　　數,股　　數/單位數,佔集保庫存數比例 (%)
20171117,1,1-999,"145,828","31,942,996",0.12
20171117,2,"1,000-5,000","123,314","254,123,415",0.98
20171117,3,"5,001-10,000","22,184","159,033,625",0.61
20171117,4,"10,001-15,000","8,494","103,390,623",0.39
20171117,5,"15,001-20,000","3,949","69,441,614",0.26
20171117,6,"20,001-30,000","4,381","106,700,512",0.41
20171117,7,"30,001-40,000","2,111","73,022,352",0.28
20171117,8,"40,001-50,000","1,331","59,828,879",0.23
20171117,9,"50,001-100,000","2,631","184,302,133",0.71
20171117,10,"100,001-200,000","1,497","209,816,790",0.80
20171117,11,"200,001-400,000",999,"282,822,790",1.09
20171117,12,"400,001-600,000",426,"207,238,719",0.79
20171117,13,"600,001-800,000",250,"173,667,710",0.66
20171117,14,"800,001-1,000,000",187,"166,739,553",0.64
20171117,15,"1,000,001以上","1,426","23,848,316,747",91.97
20171117,16,差異數調整（說明4）,,"-8,000",-0.00
20171117,,合　計,"319,008","25,930,380,458",100.00
20171110,序,持股/單位數分級,人　　數,股　　數/單位數,佔集保庫存數比例 (%)
20171110,1,1-999,"145,948","31,989,805",0.12
20171110,2,"1,000-5,000","121,974","251,326,137",0.96
20171110,3,"5,001-10,000","22,086","158,143,026",0.60
20171110,4,"10,001-15,000","8,460","102,956,630",0.39
20171110,5,"15,001-20,000","3,912","68,758,755",0.26
20171110,6,"20,001-30,000","4,373","106,460,695",0.41
20171110,7,"30,001-40,000","2,098","72,581,658",0.27
20171110,8,"40,001-50,000","1,329","59,766,699",0.23
20171110,9,"50,001-100,000","2,624","183,729,974",0.70
20171110,10,"100,001-200,000","1,497","209,499,437",0.80
20171110,11,"200,001-400,000",996,"280,593,462",1.08
20171110,12,"400,001-600,000",435,"212,564,681",0.81
20171110,13,"600,001-800,000",245,"170,232,920",0.65
20171110,14,"800,001-1,000,000",186,"165,922,080",0.63
20171110,15,"1,000,001以上","1,426","23,855,854,499",91.99
20171110,,合　計,"317,589","25,930,380,458",100.00
20171103,序,持股/單位數分級,人　　數,股　　數/單位數,佔集保庫存數比例 (%)
20171103,1,1-999,"145,869","32,024,230",0.12
20171103,2,"1,000-5,000","121,306","250,075,082",0.96
20171103,3,"5,001-10,000","22,021","157,647,229",0.60
20171103,4,"10,001-15,000","8,450","102,786,824",0.39
20171103,5,"15,001-20,000","3,912","68,755,291",0.26
20171103,6,"20,001-30,000","4,354","105,956,343",0.40
20171103,7,"30,001-40,000","2,095","72,458,303",0.27
20171103,8,"40,001-50,000","1,315","59,124,343",0.22
20171103,9,"50,001-100,000","2,624","183,511,581",0.70
20171103,10,"100,001-200,000","1,491","208,643,426",0.80
20171103,11,"200,001-400,000",990,"279,465,612",1.07
20171103,12,"400,001-600,000",439,"213,644,350",0.82
20171103,13,"600,001-800,000",243,"168,900,810",0.65
20171103,14,"800,001-1,000,000",184,"164,115,182",0.63
20171103,15,"1,000,001以上","1,428","23,863,271,852",92.02
20171103,,合　計,"316,721","25,930,380,458",100.00
20171027,序,持股/單位數分級,人　　數,股　　數/單位數,佔集保庫存數比例 (%)
20171027,1,1-999,"145,848","32,037,881",0.12
20171027,2,"1,000-5,000","120,901","249,529,254",0.96
20171027,3,"5,001-10,000","21,956","157,079,970",0.60
20171027,4,"10,001-15,000","8,442","102,709,642",0.39
20171027,5,"15,001-20,000","3,904","68,590,172",0.26
20171027,6,"20,001-30,000","4,370","106,353,523",0.41
20171027,7,"30,001-40,000","2,084","72,072,538",0.27
20171027,8,"40,001-50,000","1,319","59,290,250",0.22
20171027,9,"50,001-100,000","2,616","182,821,443",0.70
20171027,10,"100,001-200,000","1,489","208,148,267",0.80
20171027,11,"200,001-400,000",984,"278,130,869",1.07
20171027,12,"400,001-600,000",440,"213,320,715",0.82
20171027,13,"600,001-800,000",246,"170,122,684",0.65
20171027,14,"800,001-1,000,000",185,"165,350,462",0.63
20171027,15,"1,000,001以上","1,429","23,864,822,788",92.03
20171027,,合　計,"316,213","25,930,380,458",100.00
20171020,序,持股/單位數分級,人　　數,股　　數/單位數,佔集保庫存數比例 (%)
20171020,1,1-999,"145,912","32,104,799",0.12
20171020,2,"1,000-5,000","119,292","246,856,068",0.95
20171020,3,"5,001-10,000","21,830","156,055,265",0.60
20171020,4,"10,001-15,000","8,393","102,081,082",0.39
20171020,5,"15,001-20,000","3,882","68,173,975",0.26
20171020,6,"20,001-30,000","4,350","105,784,755",0.40
20171020,7,"30,001-40,000","2,078","71,858,558",0.27
20171020,8,"40,001-50,000","1,319","59,334,066",0.22
20171020,9,"50,001-100,000","2,604","181,781,571",0.70
20171020,10,"100,001-200,000","1,494","208,552,083",0.80
20171020,11,"200,001-400,000",987,"278,979,101",1.07
20171020,12,"400,001-600,000",440,"213,640,767",0.82
20171020,13,"600,001-800,000",238,"164,299,600",0.63
20171020,14,"800,001-1,000,000",181,"162,003,449",0.62
20171020,15,"1,000,001以上","1,433","23,878,875,319",92.08
20171020,,合　計,"314,433","25,930,380,458",100.00
20171013,序,持股/單位數分級,人　　數,股　　數/單位數,佔集保庫存數比例 (%)
20171013,1,1-999,"145,937","32,158,791",0.12
20171013,2,"1,000-5,000","118,288","245,365,525",0.94
20171013,3,"5,001-10,000","21,753","155,487,252",0.59
20171013,4,"10,001-15,000","8,369","101,751,474",0.39
20171013,5,"15,001-20,000","3,873","67,999,084",0.26
20171013,6,"20,001-30,000","4,325","105,145,547",0.40
20171013,7,"30,001-40,000","2,068","71,519,926",0.27
20171013,8,"40,001-50,000","1,325","59,618,158",0.22
20171013,9,"50,001-100,000","2,595","181,113,251",0.69
20171013,10,"100,001-200,000","1,495","208,872,482",0.80
20171013,11,"200,001-400,000",982,"277,763,960",1.07
20171013,12,"400,001-600,000",442,"214,651,937",0.82
20171013,13,"600,001-800,000",241,"166,403,550",0.64
20171013,14,"800,001-1,000,000",180,"161,166,266",0.62
20171013,15,"1,000,001以上","1,430","23,881,363,255",92.09
20171013,,合　計,"313,303","25,930,380,458",100.00
20171006,序,持股/單位數分級,人　　數,股　　數/單位數,佔集保庫存數比例 (%)
20171006,1,1-999,"145,723","32,147,118",0.12
20171006,2,"1,000-5,000","118,338","246,026,159",0.94
20171006,3,"5,001-10,000","21,855","156,250,206",0.60
20171006,4,"10,001-15,000","8,395","102,026,592",0.39
20171006,5,"15,001-20,000","3,896","68,419,641",0.26
20171006,6,"20,001-30,000","4,360","106,088,282",0.40
20171006,7,"30,001-40,000","2,059","71,155,062",0.27
20171006,8,"40,001-50,000","1,316","59,148,779",0.22
20171006,9,"50,001-100,000","2,635","184,015,028",0.70
20171006,10,"100,001-200,000","1,480","206,718,066",0.79
20171006,11,"200,001-400,000",988,"279,347,056",1.07
20171006,12,"400,001-600,000",440,"214,279,421",0.82
20171006,13,"600,001-800,000",241,"166,208,728",0.64
20171006,14,"800,001-1,000,000",185,"165,367,951",0.63
20171006,15,"1,000,001以上","1,433","23,873,182,369",92.06
20171006,,合　計,"313,344","25,930,380,458",100.00
20170930,序,持股/單位數分級,人　　數,股　　數/單位數,佔集保庫存數比例 (%)
20170930,1,1-999,"145,307","32,058,423",0.12
20170930,2,"1,000-5,000","120,701","250,723,349",0.96
20170930,3,"5,001-10,000","22,179","158,676,910",0.61
20170930,4,"10,001-15,000","8,500","103,357,553",0.39
20170930,5,"15,001-20,000","3,937","69,113,757",0.26
20170930,6,"20,001-30,000","4,413","107,427,694",0.41
20170930,7,"30,001-40,000","2,098","72,516,709",0.27
20170930,8,"40,001-50,000","1,322","59,402,236",0.22
20170930,9,"50,001-100,000","2,630","183,502,488",0.70
20170930,10,"100,001-200,000","1,498","209,461,386",0.80
20170930,11,"200,001-400,000",980,"277,272,067",1.06
20170930,12,"400,001-600,000",446,"217,795,480",0.83
20170930,13,"600,001-800,000",239,"165,008,713",0.63
20170930,14,"800,001-1,000,000",182,"162,925,574",0.62
20170930,15,"1,000,001以上","1,434","23,861,138,119",92.02
20170930,,合　計,"315,866","25,930,380,458",100.00
20170922,序,持股/單位數分級,人　　數,股　　數/單位數,佔集保庫存數比例 (%)
20170922,1,1-999,"145,423","32,117,391",0.12
20170922,2,"1,000-5,000","119,438","248,366,532",0.95
20170922,3,"5,001-10,000","22,048","157,685,937",0.60
20170922,4,"10,001-15,000","8,483","103,081,619",0.39
20170922,5,"15,001-20,000","3,899","68,435,281",0.26
20170922,6,"20,001-30,000","4,412","107,473,235",0.41
20170922,7,"30,001-40,000","2,073","71,607,448",0.27
20170922,8,"40,001-50,000","1,333","59,902,095",0.23
20170922,9,"50,001-100,000","2,615","182,532,355",0.70
20170922,10,"100,001-200,000","1,482","207,454,556",0.80
20170922,11,"200,001-400,000",977,"275,742,474",1.06
20170922,12,"400,001-600,000",449,"218,502,065",0.84
20170922,13,"600,001-800,000",242,"166,514,121",0.64
20170922,14,"800,001-1,000,000",187,"167,018,429",0.64
20170922,15,"1,000,001以上","1,436","23,863,946,920",92.03
20170922,,合　計,"314,497","25,930,380,458",100.00
20170915,序,持股/單位數分級,人　　數,股　　數/單位數,佔集保庫存數比例 (%)
20170915,1,1-999,"145,253","32,106,754",0.12
20170915,2,"1,000-5,000","120,822","251,117,703",0.96
20170915,3,"5,001-10,000","22,230","159,030,300",0.61
20170915,4,"10,001-15,000","8,526","103,633,026",0.39
20170915,5,"15,001-20,000","3,943","69,205,510",0.26
20170915,6,"20,001-30,000","4,430","107,937,320",0.41
20170915,7,"30,001-40,000","2,077","71,759,117",0.27
20170915,8,"40,001-50,000","1,347","60,550,695",0.23
20170915,9,"50,001-100,000","2,624","183,453,488",0.70
20170915,10,"100,001-200,000","1,481","207,621,272",0.80
20170915,11,"200,001-400,000",978,"275,667,666",1.06
20170915,12,"400,001-600,000",455,"221,621,904",0.85
20170915,13,"600,001-800,000",236,"163,082,423",0.62
20170915,14,"800,001-1,000,000",188,"167,873,681",0.64
20170915,15,"1,000,001以上","1,433","23,855,719,599",91.99
20170915,,合　計,"316,023","25,930,380,458",100.00
20170908,序,持股/單位數分級,人　　數,股　　數/單位數,佔集保庫存數比例 (%)
20170908,1,1-999,"145,119","32,095,086",0.12
20170908,2,"1,000-5,000","122,010","253,379,424",0.97
20170908,3,"5,001-10,000","22,372","160,068,701",0.61
20170908,4,"10,001-15,000","8,566","104,150,641",0.40
20170908,5,"15,001-20,000","3,966","69,639,713",0.26
20170908,6,"20,001-30,000","4,450","108,398,169",0.41
20170908,7,"30,001-40,000","2,079","71,850,371",0.27
20170908,8,"40,001-50,000","1,360","61,101,306",0.23
20170908,9,"50,001-100,000","2,638","184,497,918",0.71
20170908,10,"100,001-200,000","1,490","209,012,573",0.80
20170908,11,"200,001-400,000",970,"273,699,690",1.05
20170908,12,"400,001-600,000",453,"221,017,558",0.85
20170908,13,"600,001-800,000",238,"164,249,515",0.63
20170908,14,"800,001-1,000,000",186,"166,138,721",0.64
20170908,15,"1,000,001以上","1,438","23,851,081,072",91.98
20170908,,合　計,"317,335","25,930,380,458",100.00
20170901,序,持股/單位數分級,人　　數,股　　數/單位數,佔集保庫存數比例 (%)
20170901,1,1-999,"144,921","32,066,130",0.12
20170901,2,"1,000-5,000","123,267","255,924,107",0.98
20170901,3,"5,001-10,000","22,492","161,044,168",0.62
20170901,4,"10,001-15,000","8,595","104,471,016",0.40
20170901,5,"15,001-20,000","3,984","69,929,435",0.26
20170901,6,"20,001-30,000","4,481","109,240,365",0.42
20170901,7,"30,001-40,000","2,087","72,160,648",0.27
20170901,8,"40,001-50,000","1,360","61,089,982",0.23
20170901,9,"50,001-100,000","2,646","184,764,920",0.71
20170901,10,"100,001-200,000","1,502","210,681,669",0.81
20170901,11,"200,001-400,000",973,"273,829,753",1.05
20170901,12,"400,001-600,000",450,"219,353,205",0.84
20170901,13,"600,001-800,000",241,"166,315,828",0.64
20170901,14,"800,001-1,000,000",185,"165,463,126",0.63
20170901,15,"1,000,001以上","1,441","23,844,046,106",91.95
20170901,,合　計,"318,625","25,930,380,458",100.00
20170825,序,持股/單位數分級,人　　數,股　　數/單位數,佔集保庫存數比例 (%)
20170825,1,1-999,"144,813","32,065,026",0.12
20170825,2,"1,000-5,000","124,932","258,986,279",0.99
20170825,3,"5,001-10,000","22,670","162,419,367",0.62
20170825,4,"10,001-15,000","8,669","105,390,403",0.40
20170825,5,"15,001-20,000","3,993","70,119,223",0.27
20170825,6,"20,001-30,000","4,504","109,807,485",0.42
20170825,7,"30,001-40,000","2,104","72,756,913",0.28
20170825,8,"40,001-50,000","1,358","60,967,989",0.23
20170825,9,"50,001-100,000","2,669","186,168,883",0.71
20170825,10,"100,001-200,000","1,502","210,737,625",0.81
20170825,11,"200,001-400,000",977,"275,394,682",1.06
20170825,12,"400,001-600,000",444,"216,650,557",0.83
20170825,13,"600,001-800,000",243,"167,359,580",0.64
20170825,14,"800,001-1,000,000",188,"168,032,220",0.64
20170825,15,"1,000,001以上","1,442","23,833,524,226",91.91
20170825,,合　計,"320,508","25,930,380,458",100.00
20170818,序,持股/單位數分級,人　　數,股　　數/單位數,佔集保庫存數比例 (%)
20170818,1,1-999,"144,699","32,069,233",0.12
20170818,2,"1,000-5,000","126,861","262,737,671",1.01
20170818,3,"5,001-10,000","22,851","163,813,437",0.63
20170818,4,"10,001-15,000","8,745","106,399,530",0.41
20170818,5,"15,001-20,000","4,041","71,012,325",0.27
20170818,6,"20,001-30,000","4,532","110,589,108",0.42
20170818,7,"30,001-40,000","2,118","73,252,459",0.28
20170818,8,"40,001-50,000","1,357","60,952,057",0.23
20170818,9,"50,001-100,000","2,686","187,354,395",0.72
20170818,10,"100,001-200,000","1,499","209,968,590",0.80
20170818,11,"200,001-400,000",981,"276,835,201",1.06
20170818,12,"400,001-600,000",446,"217,871,686",0.84
20170818,13,"600,001-800,000",248,"170,939,944",0.65
20170818,14,"800,001-1,000,000",186,"166,520,851",0.64
20170818,15,"1,000,001以上","1,438","23,820,063,971",91.86
20170818,,合　計,"322,688","25,930,380,458",100.00
20170811,序,持股/單位數分級,人　　數,股　　數/單位數,佔集保庫存數比例 (%)
20170811,1,1-999,"144,828","32,137,733",0.12
20170811,2,"1,000-5,000","125,225","259,576,849",1.00
20170811,3,"5,001-10,000","22,687","162,442,393",0.62
20170811,4,"10,001-15,000","8,699","105,829,778",0.40
20170811,5,"15,001-20,000","4,000","70,248,051",0.27
20170811,6,"20,001-30,000","4,516","110,131,365",0.42
20170811,7,"30,001-40,000","2,100","72,625,027",0.28
20170811,8,"40,001-50,000","1,349","60,601,928",0.23
20170811,9,"50,001-100,000","2,679","186,946,212",0.72
20170811,10,"100,001-200,000","1,489","208,560,833",0.80
20170811,11,"200,001-400,000",984,"278,352,551",1.07
20170811,12,"400,001-600,000",447,"217,983,830",0.84
20170811,13,"600,001-800,000",243,"167,237,680",0.64
20170811,14,"800,001-1,000,000",188,"168,602,243",0.65
20170811,15,"1,000,001以上","1,438","23,829,103,985",91.89
20170811,,合　計,"320,872","25,930,380,458",100.00
20170804,序,持股/單位數分級,人　　數,股　　數/單位數,佔集保庫存數比例 (%)
20170804,1,1-999,"144,846","32,165,781",0.12
20170804,2,"1,000-5,000","126,054","260,983,807",1.00
20170804,3,"5,001-10,000","22,776","163,129,079",0.62
20170804,4,"10,001-15,000","8,706","105,894,977",0.40
20170804,5,"15,001-20,000","4,011","70,451,068",0.27
20170804,6,"20,001-30,000","4,516","110,114,502",0.42
20170804,7,"30,001-40,000","2,101","72,651,864",0.28
20170804,8,"40,001-50,000","1,358","61,050,086",0.23
20170804,9,"50,001-100,000","2,678","186,861,921",0.72
20170804,10,"100,001-200,000","1,498","209,855,306",0.80
20170804,11,"200,001-400,000",985,"277,872,622",1.07
20170804,12,"400,001-600,000",446,"217,219,269",0.83
20170804,13,"600,001-800,000",246,"169,798,860",0.65
20170804,14,"800,001-1,000,000",179,"160,899,560",0.62
20170804,15,"1,000,001以上","1,439","23,831,431,756",91.90
20170804,,合　計,"321,839","25,930,380,458",100.00
20170728,序,持股/單位數分級,人　　數,股　　數/單位數,佔集保庫存數比例 (%)
20170728,1,1-999,"144,977","32,204,143",0.12
20170728,2,"1,000-5,000","125,702","260,604,162",1.00
20170728,3,"5,001-10,000","22,755","162,951,611",0.62
20170728,4,"10,001-15,000","8,720","106,064,812",0.40
20170728,5,"15,001-20,000","3,999","70,251,212",0.27
20170728,6,"20,001-30,000","4,493","109,504,668",0.42
20170728,7,"30,001-40,000","2,128","73,631,127",0.28
20170728,8,"40,001-50,000","1,343","60,351,211",0.23
20170728,9,"50,001-100,000","2,688","187,716,482",0.72
20170728,10,"100,001-200,000","1,492","209,460,369",0.80
20170728,11,"200,001-400,000",969,"273,489,319",1.05
20170728,12,"400,001-600,000",448,"218,167,687",0.84
20170728,13,"600,001-800,000",253,"174,630,636",0.67
20170728,14,"800,001-1,000,000",176,"157,944,327",0.60
20170728,15,"1,000,001以上","1,443","23,833,408,692",91.91
20170728,,合　計,"321,586","25,930,380,458",100.00
20170721,序,持股/單位數分級,人　　數,股　　數/單位數,佔集保庫存數比例 (%)
20170721,1,1-999,"144,939","32,215,525",0.12
20170721,2,"1,000-5,000","127,285","263,468,183",1.01
20170721,3,"5,001-10,000","22,904","164,130,923",0.63
20170721,4,"10,001-15,000","8,769","106,747,348",0.41
20170721,5,"15,001-20,000","4,025","70,693,849",0.27
20170721,6,"20,001-30,000","4,526","110,391,711",0.42
20170721,7,"30,001-40,000","2,139","73,999,321",0.28
20170721,8,"40,001-50,000","1,344","60,402,615",0.23
20170721,9,"50,001-100,000","2,678","187,207,814",0.72
20170721,10,"100,001-200,000","1,503","210,394,192",0.81
20170721,11,"200,001-400,000",969,"273,185,126",1.05
20170721,12,"400,001-600,000",448,"218,700,305",0.84
20170721,13,"600,001-800,000",255,"176,113,466",0.67
20170721,14,"800,001-1,000,000",178,"159,381,862",0.61
20170721,15,"1,000,001以上","1,442","23,823,348,218",91.87
20170721,,合　計,"323,404","25,930,380,458",100.00
20170714,序,持股/單位數分級,人　　數,股　　數/單位數,佔集保庫存數比例 (%)
20170714,1,1-999,"144,925","32,241,029",0.12
20170714,2,"1,000-5,000","128,546","265,631,150",1.02
20170714,3,"5,001-10,000","23,052","165,285,464",0.63
20170714,4,"10,001-15,000","8,787","106,973,226",0.41
20170714,5,"15,001-20,000","4,052","71,262,099",0.27
20170714,6,"20,001-30,000","4,545","110,846,492",0.42
20170714,7,"30,001-40,000","2,134","73,865,118",0.28
20170714,8,"40,001-50,000","1,355","60,926,881",0.23
20170714,9,"50,001-100,000","2,695","188,407,413",0.72
20170714,10,"100,001-200,000","1,508","211,107,215",0.81
20170714,11,"200,001-400,000",964,"271,295,403",1.04
20170714,12,"400,001-600,000",443,"216,050,625",0.83
20170714,13,"600,001-800,000",255,"175,858,956",0.67
20170714,14,"800,001-1,000,000",179,"159,914,978",0.61
20170714,15,"1,000,001以上","1,444","23,820,714,409",91.86
20170714,,合　計,"324,884","25,930,380,458",100.00
20170707,序,持股/單位數分級,人　　數,股　　數/單位數,佔集保庫存數比例 (%)
20170707,1,1-999,"144,797","32,220,425",0.12
20170707,2,"1,000-5,000","130,710","269,817,155",1.04
20170707,3,"5,001-10,000","23,267","166,884,653",0.64
20170707,4,"10,001-15,000","8,854","107,779,463",0.41
20170707,5,"15,001-20,000","4,066","71,500,627",0.27
20170707,6,"20,001-30,000","4,580","111,645,666",0.43
20170707,7,"30,001-40,000","2,150","74,415,726",0.28
20170707,8,"40,001-50,000","1,366","61,414,868",0.23
20170707,9,"50,001-100,000","2,690","187,730,846",0.72
20170707,10,"100,001-200,000","1,507","210,739,923",0.81
20170707,11,"200,001-400,000",959,"270,051,245",1.04
20170707,12,"400,001-600,000",448,"218,463,386",0.84
20170707,13,"600,001-800,000",260,"180,053,857",0.69
20170707,14,"800,001-1,000,000",178,"159,527,596",0.61
20170707,15,"1,000,001以上","1,443","23,808,135,022",91.81
20170707,,合　計,"327,275","25,930,380,458",100.00
20170630,序,持股/單位數分級,人　　數,股　　數/單位數,佔集保庫存數比例 (%)
20170630,1,1-999,"144,913","32,265,159",0.12
20170630,2,"1,000-5,000","128,683","265,756,266",1.02
20170630,3,"5,001-10,000","23,035","165,080,408",0.63
20170630,4,"10,001-15,000","8,779","106,789,415",0.41
20170630,5,"15,001-20,000","4,043","71,093,290",0.27
20170630,6,"20,001-30,000","4,535","110,535,324",0.42
20170630,7,"30,001-40,000","2,133","73,771,681",0.28
20170630,8,"40,001-50,000","1,350","60,639,859",0.23
20170630,9,"50,001-100,000","2,693","187,901,894",0.72
20170630,10,"100,001-200,000","1,491","208,294,891",0.80
20170630,11,"200,001-400,000",971,"274,081,705",1.05
20170630,12,"400,001-600,000",437,"213,504,286",0.82
20170630,13,"600,001-800,000",258,"178,492,169",0.68
20170630,14,"800,001-1,000,000",174,"155,398,310",0.59
20170630,15,"1,000,001以上","1,443","23,826,775,801",91.88
20170630,,合　計,"324,938","25,930,380,458",100.00
20170623,序,持股/單位數分級,人　　數,股　　數/單位數,佔集保庫存數比例 (%)
20170623,1,1-999,"145,435","32,390,235",0.12
20170623,2,"1,000-5,000","119,655","249,453,555",0.96
20170623,3,"5,001-10,000","22,149","157,954,859",0.60
20170623,4,"10,001-15,000","8,573","104,139,126",0.40
20170623,5,"15,001-20,000","3,906","68,535,541",0.26
20170623,6,"20,001-30,000","4,432","107,969,884",0.41
20170623,7,"30,001-40,000","2,090","72,220,061",0.27
20170623,8,"40,001-50,000","1,337","60,077,592",0.23
20170623,9,"50,001-100,000","2,647","184,751,727",0.71
20170623,10,"100,001-200,000","1,466","205,255,049",0.79
20170623,11,"200,001-400,000",966,"272,018,216",1.04
20170623,12,"400,001-600,000",448,"218,943,582",0.84
20170623,13,"600,001-800,000",250,"172,965,192",0.66
20170623,14,"800,001-1,000,000",172,"154,095,427",0.59
20170623,15,"1,000,001以上","1,445","23,869,610,412",92.05
20170623,,合　計,"314,971","25,930,380,458",100.00
20170616,序,持股/單位數分級,人　　數,股　　數/單位數,佔集保庫存數比例 (%)
20170616,1,1-999,"145,138","32,373,735",0.12
20170616,2,"1,000-5,000","121,078","252,349,220",0.97
20170616,3,"5,001-10,000","22,324","159,281,675",0.61
20170616,4,"10,001-15,000","8,650","105,115,752",0.40
20170616,5,"15,001-20,000","3,916","68,744,062",0.26
20170616,6,"20,001-30,000","4,474","109,076,520",0.42
20170616,7,"30,001-40,000","2,093","72,284,685",0.27
20170616,8,"40,001-50,000","1,336","59,991,438",0.23
20170616,9,"50,001-100,000","2,676","186,629,727",0.71
20170616,10,"100,001-200,000","1,475","206,727,067",0.79
20170616,11,"200,001-400,000",969,"272,905,977",1.05
20170616,12,"400,001-600,000",451,"221,407,639",0.85
20170616,13,"600,001-800,000",249,"172,426,988",0.66
20170616,14,"800,001-1,000,000",175,"156,813,869",0.60
20170616,15,"1,000,001以上","1,446","23,854,252,104",91.99
20170616,,合　計,"316,450","25,930,380,458",100.00
20170609,序,持股/單位數分級,人　　數,股　　數/單位數,佔集保庫存數比例 (%)
20170609,1,1-999,"145,204","32,480,112",0.12
20170609,2,"1,000-5,000","114,904","241,370,436",0.93
20170609,3,"5,001-10,000","21,920","156,160,096",0.60
20170609,4,"10,001-15,000","8,478","102,848,271",0.39
20170609,5,"15,001-20,000","3,838","67,250,650",0.25
20170609,6,"20,001-30,000","4,410","107,429,652",0.41
20170609,7,"30,001-40,000","2,055","70,951,412",0.27
20170609,8,"40,001-50,000","1,312","58,911,288",0.22
20170609,9,"50,001-100,000","2,637","183,752,898",0.70
20170609,10,"100,001-200,000","1,469","205,712,816",0.79
20170609,11,"200,001-400,000",971,"273,836,452",1.05
20170609,12,"400,001-600,000",435,"213,466,860",0.82
20170609,13,"600,001-800,000",257,"177,846,001",0.68
20170609,14,"800,001-1,000,000",170,"152,302,153",0.58
20170609,15,"1,000,001以上","1,451","23,886,061,361",92.11
20170609,,合　計,"309,511","25,930,380,458",100.00
20170603,序,持股/單位數分級,人　　數,股　　數/單位數,佔集保庫存數比例 (%)
20170603,1,1-999,"145,304","32,533,150",0.12
20170603,2,"1,000-5,000","114,568","241,055,383",0.92
20170603,3,"5,001-10,000","21,931","156,139,685",0.60
20170603,4,"10,001-15,000","8,476","102,807,862",0.39
20170603,5,"15,001-20,000","3,852","67,492,899",0.26
20170603,6,"20,001-30,000","4,425","107,776,732",0.41
20170603,7,"30,001-40,000","2,062","71,195,265",0.27
20170603,8,"40,001-50,000","1,310","58,812,825",0.22
20170603,9,"50,001-100,000","2,645","184,209,202",0.71
20170603,10,"100,001-200,000","1,471","206,527,704",0.79
20170603,11,"200,001-400,000",971,"274,711,932",1.05
20170603,12,"400,001-600,000",431,"211,251,654",0.81
20170603,13,"600,001-800,000",262,"180,528,291",0.69
20170603,14,"800,001-1,000,000",168,"151,292,245",0.58
20170603,15,"1,000,001以上","1,449","23,884,047,629",92.10
20170603,16,差異數調整（說明4）,,"-2,000",-0.00
20170603,,合　計,"309,325","25,930,380,458",100.00
20170526,序,持股/單位數分級,人　　數,股　　數/單位數,佔集保庫存數比例 (%)
20170526,1,1-999,"145,570","32,599,223",0.12
20170526,2,"1,000-5,000","114,528","240,999,728",0.92
20170526,3,"5,001-10,000","21,925","156,036,449",0.60
20170526,4,"10,001-15,000","8,483","102,869,485",0.39
20170526,5,"15,001-20,000","3,853","67,506,999",0.26
20170526,6,"20,001-30,000","4,431","107,891,767",0.41
20170526,7,"30,001-40,000","2,057","70,987,651",0.27
20170526,8,"40,001-50,000","1,316","59,130,246",0.22
20170526,9,"50,001-100,000","2,643","183,971,415",0.70
20170526,10,"100,001-200,000","1,463","205,477,576",0.79
20170526,11,"200,001-400,000",971,"274,755,762",1.05
20170526,12,"400,001-600,000",436,"213,532,888",0.82
20170526,13,"600,001-800,000",257,"177,194,500",0.68
20170526,14,"800,001-1,000,000",170,"152,889,959",0.58
20170526,15,"1,000,001以上","1,442","23,884,536,810",92.11
20170526,,合　計,"309,545","25,930,380,458",100.00
20170519,序,持股/單位數分級,人　　數,股　　數/單位數,佔集保庫存數比例 (%)
20170519,1,1-999,"145,789","32,659,665",0.12
20170519,2,"1,000-5,000","115,006","241,977,085",0.93
20170519,3,"5,001-10,000","22,002","156,587,184",0.60
20170519,4,"10,001-15,000","8,527","103,410,492",0.39
20170519,5,"15,001-20,000","3,846","67,390,209",0.25
20170519,6,"20,001-30,000","4,443","108,200,592",0.41
20170519,7,"30,001-40,000","2,074","71,611,063",0.27
20170519,8,"40,001-50,000","1,319","59,236,383",0.22
20170519,9,"50,001-100,000","2,650","184,545,314",0.71
20170519,10,"100,001-200,000","1,455","204,007,485",0.78
20170519,11,"200,001-400,000",978,"276,340,746",1.06
20170519,12,"400,001-600,000",429,"210,101,259",0.81
20170519,13,"600,001-800,000",263,"181,231,040",0.69
20170519,14,"800,001-1,000,000",166,"148,848,174",0.57
20170519,15,"1,000,001以上","1,443","23,884,233,767",92.10
20170519,,合　計,"310,390","25,930,380,458",100.00
20170512,序,持股/單位數分級,人　　數,股　　數/單位數,佔集保庫存數比例 (%)
20170512,1,1-999,"146,121","32,748,831",0.12
20170512,2,"1,000-5,000","115,111","242,141,479",0.93
20170512,3,"5,001-10,000","22,034","156,884,856",0.60
20170512,4,"10,001-15,000","8,551","103,732,727",0.40
20170512,5,"15,001-20,000","3,843","67,288,871",0.25
20170512,6,"20,001-30,000","4,460","108,638,129",0.41
20170512,7,"30,001-40,000","2,068","71,399,995",0.27
20170512,8,"40,001-50,000","1,331","59,798,704",0.23
20170512,9,"50,001-100,000","2,655","184,960,852",0.71
20170512,10,"100,001-200,000","1,456","204,270,819",0.78
20170512,11,"200,001-400,000",976,"275,839,925",1.06
20170512,12,"400,001-600,000",423,"207,260,714",0.79
20170512,13,"600,001-800,000",259,"178,524,270",0.68
20170512,14,"800,001-1,000,000",163,"146,154,805",0.56
20170512,15,"1,000,001以上","1,448","23,890,759,481",92.13
20170512,16,差異數調整（說明4）,,"-24,000",-0.00
20170512,,合　計,"310,899","25,930,380,458",100.00
20170505,序,持股/單位數分級,人　　數,股　　數/單位數,佔集保庫存數比例 (%)
20170505,1,1-999,"145,883","32,674,664",0.12
20170505,2,"1,000-5,000","119,257","250,515,272",0.96
20170505,3,"5,001-10,000","22,608","161,159,504",0.62
20170505,4,"10,001-15,000","8,752","106,275,549",0.40
20170505,5,"15,001-20,000","3,960","69,432,380",0.26
20170505,6,"20,001-30,000","4,531","110,480,940",0.42
20170505,7,"30,001-40,000","2,096","72,309,546",0.27
20170505,8,"40,001-50,000","1,350","60,571,966",0.23
20170505,9,"50,001-100,000","2,723","189,893,466",0.73
20170505,10,"100,001-200,000","1,454","203,539,226",0.78
20170505,11,"200,001-400,000",993,"279,940,942",1.07
20170505,12,"400,001-600,000",425,"209,503,241",0.80
20170505,13,"600,001-800,000",256,"176,473,881",0.68
20170505,14,"800,001-1,000,000",173,"154,567,758",0.59
20170505,15,"1,000,001以上","1,443","23,853,042,123",91.98
20170505,,合　計,"315,904","25,930,380,458",100.00
20170428,序,持股/單位數分級,人　　數,股　　數/單位數,佔集保庫存數比例 (%)
20170428,1,1-999,"145,594","32,606,782",0.12
20170428,2,"1,000-5,000","123,526","258,823,861",0.99
20170428,3,"5,001-10,000","23,097","164,969,211",0.63
20170428,4,"10,001-15,000","8,896","108,105,355",0.41
20170428,5,"15,001-20,000","4,042","70,973,592",0.27
20170428,6,"20,001-30,000","4,611","112,362,171",0.43
20170428,7,"30,001-40,000","2,134","73,684,316",0.28
20170428,8,"40,001-50,000","1,376","61,785,461",0.23
20170428,9,"50,001-100,000","2,751","191,622,976",0.73
20170428,10,"100,001-200,000","1,464","205,129,482",0.79
20170428,11,"200,001-400,000",993,"280,106,971",1.08
20170428,12,"400,001-600,000",431,"212,477,984",0.81
20170428,13,"600,001-800,000",258,"178,271,887",0.68
20170428,14,"800,001-1,000,000",163,"145,500,241",0.56
20170428,15,"1,000,001以上","1,445","23,833,960,168",91.91
20170428,,合　計,"320,781","25,930,380,458",100.00
20170421,序,持股/單位數分級,人　　數,股　　數/單位數,佔集保庫存數比例 (%)
20170421,1,1-999,"145,459","32,589,752",0.12
20170421,2,"1,000-5,000","125,588","262,906,969",1.01
20170421,3,"5,001-10,000","23,323","166,750,490",0.64
20170421,4,"10,001-15,000","8,977","109,098,124",0.42
20170421,5,"15,001-20,000","4,101","72,075,712",0.27
20170421,6,"20,001-30,000","4,640","113,129,153",0.43
20170421,7,"30,001-40,000","2,160","74,586,162",0.28
20170421,8,"40,001-50,000","1,385","62,184,073",0.23
20170421,9,"50,001-100,000","2,763","192,562,331",0.74
20170421,10,"100,001-200,000","1,472","206,022,238",0.79
20170421,11,"200,001-400,000","1,013","286,093,726",1.10
20170421,12,"400,001-600,000",424,"209,129,032",0.80
20170421,13,"600,001-800,000",264,"182,333,140",0.70
20170421,14,"800,001-1,000,000",163,"145,535,514",0.56
20170421,15,"1,000,001以上","1,442","23,815,384,042",91.84
20170421,,合　計,"323,174","25,930,380,458",100.00
20170414,序,持股/單位數分級,人　　數,股　　數/單位數,佔集保庫存數比例 (%)
20170414,1,1-999,"145,759","32,659,749",0.12
20170414,2,"1,000-5,000","123,098","257,700,956",0.99
20170414,3,"5,001-10,000","23,028","164,499,806",0.63
20170414,4,"10,001-15,000","8,870","107,750,468",0.41
20170414,5,"15,001-20,000","4,050","71,090,927",0.27
20170414,6,"20,001-30,000","4,601","112,185,034",0.43
20170414,7,"30,001-40,000","2,122","73,245,820",0.28
20170414,8,"40,001-50,000","1,371","61,542,699",0.23
20170414,9,"50,001-100,000","2,749","191,670,141",0.73
20170414,10,"100,001-200,000","1,460","204,399,660",0.78
20170414,11,"200,001-400,000","1,006","284,387,044",1.09
20170414,12,"400,001-600,000",426,"209,958,142",0.80
20170414,13,"600,001-800,000",261,"180,362,407",0.69
20170414,14,"800,001-1,000,000",168,"149,577,903",0.57
20170414,15,"1,000,001以上","1,441","23,829,349,702",91.89
20170414,,合　計,"320,410","25,930,380,458",100.00
20170407,序,持股/單位數分級,人　　數,股　　數/單位數,佔集保庫存數比例 (%)
20170407,1,1-999,"145,921","32,702,941",0.12
20170407,2,"1,000-5,000","122,302","256,203,160",0.98
20170407,3,"5,001-10,000","22,928","163,703,311",0.63
20170407,4,"10,001-15,000","8,829","107,263,798",0.41
20170407,5,"15,001-20,000","4,022","70,560,066",0.27
20170407,6,"20,001-30,000","4,584","111,675,121",0.43
20170407,7,"30,001-40,000","2,123","73,314,350",0.28
20170407,8,"40,001-50,000","1,372","61,608,771",0.23
20170407,9,"50,001-100,000","2,737","190,844,023",0.73
20170407,10,"100,001-200,000","1,464","204,727,688",0.78
20170407,11,"200,001-400,000","1,007","284,671,386",1.09
20170407,12,"400,001-600,000",423,"208,607,449",0.80
20170407,13,"600,001-800,000",264,"182,148,974",0.70
20170407,14,"800,001-1,000,000",167,"149,270,735",0.57
20170407,15,"1,000,001以上","1,437","23,833,078,685",91.91
20170407,,合　計,"319,580","25,930,380,458",100.00
20170331,序,持股/單位數分級,人　　數,股　　數/單位數,佔集保庫存數比例 (%)
20170331,1,1-999,"146,060","32,753,473",0.12
20170331,2,"1,000-5,000","120,916","253,547,770",0.97
20170331,3,"5,001-10,000","22,755","162,352,488",0.62
20170331,4,"10,001-15,000","8,809","106,998,820",0.41
20170331,5,"15,001-20,000","3,981","69,822,975",0.26
20170331,6,"20,001-30,000","4,568","111,297,650",0.42
20170331,7,"30,001-40,000","2,115","73,029,342",0.28
20170331,8,"40,001-50,000","1,365","61,301,470",0.23
20170331,9,"50,001-100,000","2,733","190,805,267",0.73
20170331,10,"100,001-200,000","1,445","201,549,516",0.77
20170331,11,"200,001-400,000","1,013","286,053,564",1.10
20170331,12,"400,001-600,000",424,"208,627,169",0.80
20170331,13,"600,001-800,000",267,"184,410,973",0.71
20170331,14,"800,001-1,000,000",157,"139,847,127",0.53
20170331,15,"1,000,001以上","1,442","23,847,982,854",91.96
20170331,,合　計,"318,050","25,930,380,458",100.00
20170324,序,持股/單位數分級,人　　數,股　　數/單位數,佔集保庫存數比例 (%)
20170324,1,1-999,"146,310","32,835,989",0.12
20170324,2,"1,000-5,000","119,908","251,702,639",0.97
20170324,3,"5,001-10,000","22,626","161,331,726",0.62
20170324,4,"10,001-15,000","8,787","106,663,256",0.41
20170324,5,"15,001-20,000","3,967","69,536,540",0.26
20170324,6,"20,001-30,000","4,539","110,562,061",0.42
20170324,7,"30,001-40,000","2,107","72,685,888",0.28
20170324,8,"40,001-50,000","1,366","61,344,395",0.23
20170324,9,"50,001-100,000","2,728","190,520,189",0.73
20170324,10,"100,001-200,000","1,436","200,381,032",0.77
20170324,11,"200,001-400,000","1,011","285,348,382",1.10
20170324,12,"400,001-600,000",420,"206,644,664",0.79
20170324,13,"600,001-800,000",272,"188,601,029",0.72
20170324,14,"800,001-1,000,000",152,"135,612,920",0.52
20170324,15,"1,000,001以上","1,442","23,856,609,748",92.00
20170324,,合　計,"317,071","25,930,380,458",100.00
20170317,序,持股/單位數分級,人　　數,股　　數/單位數,佔集保庫存數比例 (%)
20170317,1,1-999,"146,156","32,791,157",0.12
20170317,2,"1,000-5,000","124,027","259,599,445",1.00
20170317,3,"5,001-10,000","23,121","165,125,983",0.63
20170317,4,"10,001-15,000","8,951","108,767,887",0.41
20170317,5,"15,001-20,000","4,006","70,234,446",0.27
20170317,6,"20,001-30,000","4,623","112,661,420",0.43
20170317,7,"30,001-40,000","2,135","73,694,755",0.28
20170317,8,"40,001-50,000","1,385","62,177,679",0.23
20170317,9,"50,001-100,000","2,750","192,343,687",0.74
20170317,10,"100,001-200,000","1,434","200,164,530",0.77
20170317,11,"200,001-400,000","1,007","283,904,840",1.09
20170317,12,"400,001-600,000",423,"207,381,408",0.79
20170317,13,"600,001-800,000",273,"188,735,205",0.72
20170317,14,"800,001-1,000,000",146,"129,727,878",0.50
20170317,15,"1,000,001以上","1,445","23,843,070,138",91.95
20170317,,合　計,"321,882","25,930,380,458",100.00
20170310,序,持股/單位數分級,人　　數,股　　數/單位數,佔集保庫存數比例 (%)
20170310,1,1-999,"145,934","32,736,367",0.12
20170310,2,"1,000-5,000","126,667","264,925,903",1.02
20170310,3,"5,001-10,000","23,384","167,109,114",0.64
20170310,4,"10,001-15,000","9,014","109,578,817",0.42
20170310,5,"15,001-20,000","4,080","71,640,073",0.27
20170310,6,"20,001-30,000","4,675","114,060,853",0.43
20170310,7,"30,001-40,000","2,167","74,847,120",0.28
20170310,8,"40,001-50,000","1,384","62,129,314",0.23
20170310,9,"50,001-100,000","2,776","194,259,486",0.74
20170310,10,"100,001-200,000","1,440","201,033,306",0.77
20170310,11,"200,001-400,000","1,007","284,436,477",1.09
20170310,12,"400,001-600,000",419,"206,282,809",0.79
20170310,13,"600,001-800,000",277,"191,270,097",0.73
20170310,14,"800,001-1,000,000",139,"123,428,246",0.47
20170310,15,"1,000,001以上","1,444","23,832,642,476",91.91
20170310,,合　計,"324,807","25,930,380,458",100.00
20170303,序,持股/單位數分級,人　　數,股　　數/單位數,佔集保庫存數比例 (%)
20170303,1,1-999,"146,279","32,825,378",0.12
20170303,2,"1,000-5,000","123,932","259,728,902",1.00
20170303,3,"5,001-10,000","23,129","165,111,353",0.63
20170303,4,"10,001-15,000","8,960","108,892,687",0.41
20170303,5,"15,001-20,000","4,068","71,424,883",0.27
20170303,6,"20,001-30,000","4,622","112,669,582",0.43
20170303,7,"30,001-40,000","2,156","74,447,024",0.28
20170303,8,"40,001-50,000","1,380","61,944,781",0.23
20170303,9,"50,001-100,000","2,763","193,305,529",0.74
20170303,10,"100,001-200,000","1,427","199,261,486",0.76
20170303,11,"200,001-400,000","1,006","282,818,170",1.09
20170303,12,"400,001-600,000",432,"212,582,100",0.81
20170303,13,"600,001-800,000",269,"185,983,521",0.71
20170303,14,"800,001-1,000,000",138,"122,510,467",0.47
20170303,15,"1,000,001以上","1,445","23,846,874,595",91.96
20170303,,合　計,"322,006","25,930,380,458",100.00
20170224,序,持股/單位數分級,人　　數,股　　數/單位數,佔集保庫存數比例 (%)
20170224,1,1-999,"146,423","32,868,411",0.12
20170224,2,"1,000-5,000","122,438","256,925,128",0.99
20170224,3,"5,001-10,000","22,999","164,120,295",0.63
20170224,4,"10,001-15,000","8,897","108,076,493",0.41
20170224,5,"15,001-20,000","4,010","70,323,372",0.27
20170224,6,"20,001-30,000","4,609","112,352,767",0.43
20170224,7,"30,001-40,000","2,139","73,823,313",0.28
20170224,8,"40,001-50,000","1,372","61,552,035",0.23
20170224,9,"50,001-100,000","2,749","192,317,836",0.74
20170224,10,"100,001-200,000","1,435","200,490,177",0.77
20170224,11,"200,001-400,000","1,001","280,905,052",1.08
20170224,12,"400,001-600,000",433,"213,034,667",0.82
20170224,13,"600,001-800,000",269,"186,001,667",0.71
20170224,14,"800,001-1,000,000",143,"127,007,144",0.48
20170224,15,"1,000,001以上","1,443","23,850,582,101",91.97
20170224,,合　計,"320,360","25,930,380,458",100.00
20170218,序,持股/單位數分級,人　　數,股　　數/單位數,佔集保庫存數比例 (%)
20170218,1,1-999,"146,484","32,919,211",0.12
20170218,2,"1,000-5,000","122,546","257,444,188",0.99
20170218,3,"5,001-10,000","23,011","164,241,223",0.63
20170218,4,"10,001-15,000","8,906","108,211,084",0.41
20170218,5,"15,001-20,000","4,025","70,573,489",0.27
20170218,6,"20,001-30,000","4,607","112,289,541",0.43
20170218,7,"30,001-40,000","2,132","73,523,366",0.28
20170218,8,"40,001-50,000","1,385","62,135,011",0.23
20170218,9,"50,001-100,000","2,751","192,612,496",0.74
20170218,10,"100,001-200,000","1,444","201,776,825",0.77
20170218,11,"200,001-400,000",998,"280,131,702",1.08
20170218,12,"400,001-600,000",438,"215,305,835",0.83
20170218,13,"600,001-800,000",268,"185,290,571",0.71
20170218,14,"800,001-1,000,000",141,"124,962,632",0.48
20170218,15,"1,000,001以上","1,444","23,848,968,284",91.97
20170218,16,差異數調整（說明4）,,"-5,000",-0.00
20170218,,合　計,"320,580","25,930,380,458",100.00
20170210,序,持股/單位數分級,人　　數,股　　數/單位數,佔集保庫存數比例 (%)
20170210,1,1-999,"146,176","32,886,578",0.12
20170210,2,"1,000-5,000","125,099","262,912,278",1.01
20170210,3,"5,001-10,000","23,416","167,263,298",0.64
20170210,4,"10,001-15,000","9,057","110,179,349",0.42
20170210,5,"15,001-20,000","4,068","71,368,394",0.27
20170210,6,"20,001-30,000","4,661","113,549,238",0.43
20170210,7,"30,001-40,000","2,169","74,898,089",0.28
20170210,8,"40,001-50,000","1,388","62,278,889",0.24
20170210,9,"50,001-100,000","2,774","194,124,674",0.74
20170210,10,"100,001-200,000","1,453","203,275,619",0.78
20170210,11,"200,001-400,000",997,"279,509,315",1.07
20170210,12,"400,001-600,000",439,"215,497,664",0.83
20170210,13,"600,001-800,000",271,"187,966,674",0.72
20170210,14,"800,001-1,000,000",137,"121,084,175",0.46
20170210,15,"1,000,001以上","1,450","23,833,586,224",91.91
20170210,,合　計,"323,555","25,930,380,458",100.00
20170203,序,持股/單位數分級,人　　數,股　　數/單位數,佔集保庫存數比例 (%)
20170203,1,1-999,"146,262","32,921,596",0.12
20170203,2,"1,000-5,000","124,308","261,633,780",1.00
20170203,3,"5,001-10,000","23,345","166,675,504",0.64
20170203,4,"10,001-15,000","9,041","109,949,847",0.42
20170203,5,"15,001-20,000","4,059","71,209,676",0.27
20170203,6,"20,001-30,000","4,651","113,202,049",0.43
20170203,7,"30,001-40,000","2,172","75,029,814",0.28
20170203,8,"40,001-50,000","1,372","61,541,140",0.23
20170203,9,"50,001-100,000","2,767","193,338,770",0.74
20170203,10,"100,001-200,000","1,447","202,677,904",0.78
20170203,11,"200,001-400,000",993,"278,992,828",1.07
20170203,12,"400,001-600,000",437,"214,183,607",0.82
20170203,13,"600,001-800,000",273,"189,336,028",0.73
20170203,14,"800,001-1,000,000",143,"126,236,996",0.48
20170203,15,"1,000,001以上","1,447","23,833,450,919",91.91
20170203,,合　計,"322,717","25,930,380,458",100.00
20170126,序,持股/單位數分級,人　　數,股　　數/單位數,佔集保庫存數比例 (%)
20170126,1,1-999,"146,200","32,905,905",0.12
20170126,2,"1,000-5,000","125,384","263,910,684",1.01
20170126,3,"5,001-10,000","23,472","167,719,176",0.64
20170126,4,"10,001-15,000","9,068","110,318,845",0.42
20170126,5,"15,001-20,000","4,081","71,659,043",0.27
20170126,6,"20,001-30,000","4,674","113,778,695",0.43
20170126,7,"30,001-40,000","2,178","75,245,643",0.29
20170126,8,"40,001-50,000","1,371","61,535,133",0.23
20170126,9,"50,001-100,000","2,770","193,681,091",0.74
20170126,10,"100,001-200,000","1,445","202,205,901",0.77
20170126,11,"200,001-400,000",997,"279,961,579",1.07
20170126,12,"400,001-600,000",434,"212,774,926",0.82
20170126,13,"600,001-800,000",275,"190,535,344",0.73
20170126,14,"800,001-1,000,000",147,"129,965,899",0.50
20170126,15,"1,000,001以上","1,445","23,824,182,594",91.87
20170126,,合　計,"323,941","25,930,380,458",100.00
20170120,序,持股/單位數分級,人　　數,股　　數/單位數,佔集保庫存數比例 (%)
20170120,1,1-999,"145,955","32,850,570",0.12
20170120,2,"1,000-5,000","129,862","272,719,584",1.05
20170120,3,"5,001-10,000","23,915","171,122,449",0.65
20170120,4,"10,001-15,000","9,179","111,734,933",0.43
20170120,5,"15,001-20,000","4,134","72,625,596",0.28
20170120,6,"20,001-30,000","4,743","115,593,362",0.44
20170120,7,"30,001-40,000","2,205","76,222,127",0.29
20170120,8,"40,001-50,000","1,392","62,493,346",0.24
20170120,9,"50,001-100,000","2,777","194,088,598",0.74
20170120,10,"100,001-200,000","1,457","203,853,743",0.78
20170120,11,"200,001-400,000",997,"279,933,456",1.07
20170120,12,"400,001-600,000",441,"216,990,663",0.83
20170120,13,"600,001-800,000",272,"187,930,577",0.72
20170120,14,"800,001-1,000,000",143,"126,685,087",0.48
20170120,15,"1,000,001以上","1,442","23,805,536,367",91.80
20170120,,合　計,"328,914","25,930,380,458",100.00
20170113,序,持股/單位數分級,人　　數,股　　數/單位數,佔集保庫存數比例 (%)
20170113,1,1-999,"146,221","32,906,879",0.12
20170113,2,"1,000-5,000","126,106","265,409,364",1.02
20170113,3,"5,001-10,000","23,541","168,338,351",0.64
20170113,4,"10,001-15,000","9,071","110,276,154",0.42
20170113,5,"15,001-20,000","4,077","71,560,831",0.27
20170113,6,"20,001-30,000","4,687","114,146,849",0.44
20170113,7,"30,001-40,000","2,193","75,839,033",0.29
20170113,8,"40,001-50,000","1,365","61,269,029",0.23
20170113,9,"50,001-100,000","2,756","192,313,135",0.74
20170113,10,"100,001-200,000","1,457","203,587,640",0.78
20170113,11,"200,001-400,000","1,001","281,197,184",1.08
20170113,12,"400,001-600,000",441,"216,258,695",0.83
20170113,13,"600,001-800,000",279,"193,182,485",0.74
20170113,14,"800,001-1,000,000",138,"122,350,695",0.47
20170113,15,"1,000,001以上","1,439","23,821,744,134",91.86
20170113,,合　計,"324,772","25,930,380,458",100.00
20170106,序,持股/單位數分級,人　　數,股　　數/單位數,佔集保庫存數比例 (%)
20170106,1,1-999,"146,167","32,900,866",0.12
20170106,2,"1,000-5,000","127,916","269,125,141",1.03
20170106,3,"5,001-10,000","23,737","169,787,600",0.65
20170106,4,"10,001-15,000","9,096","110,605,732",0.42
20170106,5,"15,001-20,000","4,113","72,204,194",0.27
20170106,6,"20,001-30,000","4,694","114,370,101",0.44
20170106,7,"30,001-40,000","2,196","75,913,850",0.29
20170106,8,"40,001-50,000","1,393","62,569,493",0.24
20170106,9,"50,001-100,000","2,762","192,983,964",0.74
20170106,10,"100,001-200,000","1,457","203,904,267",0.78
20170106,11,"200,001-400,000",998,"280,347,902",1.08
20170106,12,"400,001-600,000",442,"217,696,203",0.83
20170106,13,"600,001-800,000",275,"190,910,218",0.73
20170106,14,"800,001-1,000,000",144,"128,148,839",0.49
20170106,15,"1,000,001以上","1,430","23,808,912,088",91.81
20170106,,合　計,"326,820","25,930,380,458",100.00
