,date,level,shares,people,shares_per_people,proportion
1,2018-01-19,1.0,1-999,146040,31902799,0.11999999731779099
2,2018-01-19,2.0,"1,000-5,000",118822,246379122,0.949999988079071
3,2018-01-19,3.0,"5,001-10,000",21759,155701044,0.6000000238418579
4,2018-01-19,4.0,"10,001-15,000",8414,102449340,0.38999998569488525
5,2018-01-19,5.0,"15,001-20,000",3881,68195647,0.25999999046325684
6,2018-01-19,6.0,"20,001-30,000",4264,103785851,0.4000000059604645
7,2018-01-19,7.0,"30,001-40,000",2072,71558274,0.27000001072883606
8,2018-01-19,8.0,"40,001-50,000",1344,60516875,0.23000000417232513
9,2018-01-19,9.0,"50,001-100,000",2576,180470269,0.6899999976158142
10,2018-01-19,10.0,"100,001-200,000",1487,208464484,0.800000011920929
11,2018-01-19,11.0,"200,001-400,000",987,276780541,1.059999942779541
12,2018-01-19,12.0,"400,001-600,000",413,201245538,0.7699999809265137
13,2018-01-19,13.0,"600,001-800,000",251,174286655,0.6700000166893005
14,2018-01-19,14.0,"800,001-1,000,000",196,175190021,0.6700000166893005
15,2018-01-19,15.0,"1,000,001以上",1429,23873453998,92.05999755859375
18,2018-01-12,1.0,1-999,145546,31784156,0.11999999731779099
19,2018-01-12,2.0,"1,000-5,000",123851,255784125,0.9800000190734863
20,2018-01-12,3.0,"5,001-10,000",22273,159609421,0.6100000143051147
21,2018-01-12,4.0,"10,001-15,000",8582,104521203,0.4000000059604645
22,2018-01-12,5.0,"15,001-20,000",3993,70218980,0.27000001072883606
23,2018-01-12,6.0,"20,001-30,000",4339,105614271,0.4000000059604645
24,2018-01-12,7.0,"30,001-40,000",2123,73450301,0.2800000011920929
25,2018-01-12,8.0,"40,001-50,000",1356,61016912,0.23000000417232513
26,2018-01-12,9.0,"50,001-100,000",2622,183892553,0.699999988079071
27,2018-01-12,10.0,"100,001-200,000",1497,209417690,0.800000011920929
28,2018-01-12,11.0,"200,001-400,000",1001,281887813,1.0800000429153442
29,2018-01-12,12.0,"400,001-600,000",411,200413282,0.7699999809265137
30,2018-01-12,13.0,"600,001-800,000",243,168772864,0.6499999761581421
31,2018-01-12,14.0,"800,001-1,000,000",207,185466606,0.7099999785423279
32,2018-01-12,15.0,"1,000,001以上",1420,23838530281,91.93000030517578
35,2018-01-05,1.0,1-999,145571,31794194,0.11999999731779099
36,2018-01-05,2.0,"1,000-5,000",125400,258455605,0.9900000095367432
37,2018-01-05,3.0,"5,001-10,000",22420,160776582,0.6200000047683716
38,2018-01-05,4.0,"10,001-15,000",8587,104568599,0.4000000059604645
39,2018-01-05,5.0,"15,001-20,000",4010,70511054,0.27000001072883606
40,2018-01-05,6.0,"20,001-30,000",4362,106265579,0.4000000059604645
41,2018-01-05,7.0,"30,001-40,000",2115,73225799,0.2800000011920929
42,2018-01-05,8.0,"40,001-50,000",1356,60949800,0.23000000417232513
43,2018-01-05,9.0,"50,001-100,000",2623,183741362,0.699999988079071
44,2018-01-05,10.0,"100,001-200,000",1495,209492760,0.800000011920929
45,2018-01-05,11.0,"200,001-400,000",988,279364197,1.0700000524520874
46,2018-01-05,12.0,"400,001-600,000",412,201012634,0.7699999809265137
47,2018-01-05,13.0,"600,001-800,000",247,171270338,0.6600000262260437
48,2018-01-05,14.0,"800,001-1,000,000",203,181245242,0.6899999976158142
49,2018-01-05,15.0,"1,000,001以上",1419,23837706713,91.91999816894531
52,2017-12-29,1.0,1-999,145462,31764083,0.11999999731779099
53,2017-12-29,2.0,"1,000-5,000",127981,263456798,1.0099999904632568
54,2017-12-29,3.0,"5,001-10,000",22699,162756525,0.6200000047683716
55,2017-12-29,4.0,"10,001-15,000",8666,105613061,0.4000000059604645
56,2017-12-29,5.0,"15,001-20,000",4043,71111767,0.27000001072883606
57,2017-12-29,6.0,"20,001-30,000",4415,107530811,0.4099999964237213
58,2017-12-29,7.0,"30,001-40,000",2129,73646263,0.2800000011920929
59,2017-12-29,8.0,"40,001-50,000",1363,61300073,0.23000000417232513
60,2017-12-29,9.0,"50,001-100,000",2630,184134092,0.7099999785423279
61,2017-12-29,10.0,"100,001-200,000",1508,210968752,0.8100000023841858
62,2017-12-29,11.0,"200,001-400,000",990,279794954,1.0700000524520874
63,2017-12-29,12.0,"400,001-600,000",409,199722960,0.7699999809265137
64,2017-12-29,13.0,"600,001-800,000",250,173777274,0.6700000166893005
65,2017-12-29,14.0,"800,001-1,000,000",205,183232128,0.699999988079071
66,2017-12-29,15.0,"1,000,001以上",1414,23821570917,91.86000061035156
69,2017-12-22,1.0,1-999,145485,31776499,0.11999999731779099
70,2017-12-22,2.0,"1,000-5,000",128124,263854149,1.0099999904632568
71,2017-12-22,3.0,"5,001-10,000",22655,162459993,0.6200000047683716
72,2017-12-22,4.0,"10,001-15,000",8688,105853671,0.4000000059604645
73,2017-12-22,5.0,"15,001-20,000",4032,70892428,0.27000001072883606
74,2017-12-22,6.0,"20,001-30,000",4428,107865619,0.4099999964237213
75,2017-12-22,7.0,"30,001-40,000",2117,73220035,0.2800000011920929
76,2017-12-22,8.0,"40,001-50,000",1359,61067217,0.23000000417232513
77,2017-12-22,9.0,"50,001-100,000",2639,184603556,0.7099999785423279
78,2017-12-22,10.0,"100,001-200,000",1514,212064377,0.8100000023841858
79,2017-12-22,11.0,"200,001-400,000",987,278563572,1.0700000524520874
80,2017-12-22,12.0,"400,001-600,000",409,199704587,0.7699999809265137
81,2017-12-22,13.0,"600,001-800,000",254,176411250,0.6800000071525574
82,2017-12-22,14.0,"800,001-1,000,000",203,181720880,0.699999988079071
83,2017-12-22,15.0,"1,000,001以上",1418,23820322625,91.86000061035156
86,2017-12-15,1.0,1-999,145552,31805252,0.11999999731779099
87,2017-12-15,2.0,"1,000-5,000",127372,262352432,1.0099999904632568
88,2017-12-15,3.0,"5,001-10,000",22571,161800937,0.6200000047683716
89,2017-12-15,4.0,"10,001-15,000",8667,105649886,0.4000000059604645
90,2017-12-15,5.0,"15,001-20,000",3988,70109446,0.27000001072883606
91,2017-12-15,6.0,"20,001-30,000",4396,107049987,0.4099999964237213
92,2017-12-15,7.0,"30,001-40,000",2122,73384360,0.2800000011920929
93,2017-12-15,8.0,"40,001-50,000",1356,60931305,0.23000000417232513
94,2017-12-15,9.0,"50,001-100,000",2633,184154096,0.7099999785423279
95,2017-12-15,10.0,"100,001-200,000",1507,210650054,0.8100000023841858
96,2017-12-15,11.0,"200,001-400,000",995,281078896,1.0800000429153442
97,2017-12-15,12.0,"400,001-600,000",414,201990142,0.7699999809265137
98,2017-12-15,13.0,"600,001-800,000",255,177050454,0.6800000071525574
99,2017-12-15,14.0,"800,001-1,000,000",193,172745803,0.6600000262260437
100,2017-12-15,15.0,"1,000,001以上",1423,23829627408,91.88999938964844
103,2017-12-08,1.0,1-999,145610,31821888,0.11999999731779099
104,2017-12-08,2.0,"1,000-5,000",126928,261604567,1.0
105,2017-12-08,3.0,"5,001-10,000",22535,161537386,0.6200000047683716
106,2017-12-08,4.0,"10,001-15,000",8630,105136347,0.4000000059604645
107,2017-12-08,5.0,"15,001-20,000",3987,70094401,0.27000001072883606
108,2017-12-08,6.0,"20,001-30,000",4394,106959820,0.4099999964237213
109,2017-12-08,7.0,"30,001-40,000",2123,73421279,0.2800000011920929
110,2017-12-08,8.0,"40,001-50,000",1341,60256489,0.23000000417232513
111,2017-12-08,9.0,"50,001-100,000",2626,183419801,0.699999988079071
112,2017-12-08,10.0,"100,001-200,000",1513,211368529,0.8100000023841858
113,2017-12-08,11.0,"200,001-400,000",989,279533264,1.0700000524520874
114,2017-12-08,12.0,"400,001-600,000",426,207427297,0.7900000214576721
115,2017-12-08,13.0,"600,001-800,000",253,175808578,0.6700000166893005
116,2017-12-08,14.0,"800,001-1,000,000",198,177291808,0.6800000071525574
117,2017-12-08,15.0,"1,000,001以上",1413,23824699004,91.87000274658203
120,2017-12-01,1.0,1-999,145525,31813966,0.11999999731779099
121,2017-12-01,2.0,"1,000-5,000",127447,262147806,1.0099999904632568
122,2017-12-01,3.0,"5,001-10,000",22557,161704687,0.6200000047683716
123,2017-12-01,4.0,"10,001-15,000",8641,105297200,0.4000000059604645
124,2017-12-01,5.0,"15,001-20,000",4005,70471299,0.27000001072883606
125,2017-12-01,6.0,"20,001-30,000",4413,107501148,0.4099999964237213
126,2017-12-01,7.0,"30,001-40,000",2116,73193033,0.2800000011920929
127,2017-12-01,8.0,"40,001-50,000",1356,61015997,0.23000000417232513
128,2017-12-01,9.0,"50,001-100,000",2638,184718785,0.7099999785423279
129,2017-12-01,10.0,"100,001-200,000",1523,213484719,0.8199999928474426
130,2017-12-01,11.0,"200,001-400,000",981,277823199,1.0700000524520874
131,2017-12-01,12.0,"400,001-600,000",426,206643692,0.7900000214576721
132,2017-12-01,13.0,"600,001-800,000",253,175404427,0.6700000166893005
133,2017-12-01,14.0,"800,001-1,000,000",187,167347852,0.6399999856948853
134,2017-12-01,15.0,"1,000,001以上",1426,23831812648,91.9000015258789
137,2017-11-24,1.0,1-999,145946,31950638,0.11999999731779099
138,2017-11-24,2.0,"1,000-5,000",121627,251015615,0.9599999785423279
139,2017-11-24,3.0,"5,001-10,000",22051,157957071,0.6000000238418579
140,2017-11-24,4.0,"10,001-15,000",8422,102445430,0.38999998569488525
141,2017-11-24,5.0,"15,001-20,000",3927,69039901,0.25999999046325684
142,2017-11-24,6.0,"20,001-30,000",4349,105876570,0.4000000059604645
143,2017-11-24,7.0,"30,001-40,000",2091,72343220,0.27000001072883606
144,2017-11-24,8.0,"40,001-50,000",1330,59757152,0.23000000417232513
145,2017-11-24,9.0,"50,001-100,000",2616,183217187,0.699999988079071
146,2017-11-24,10.0,"100,001-200,000",1499,210547160,0.8100000023841858
147,2017-11-24,11.0,"200,001-400,000",992,281430400,1.0800000429153442
148,2017-11-24,12.0,"400,001-600,000",422,205704272,0.7900000214576721
149,2017-11-24,13.0,"600,001-800,000",248,172435816,0.6600000262260437
150,2017-11-24,14.0,"800,001-1,000,000",191,170744762,0.6499999761581421
151,2017-11-24,15.0,"1,000,001以上",1425,23855915264,91.98999786376953
154,2017-11-17,1.0,1-999,145828,31942996,0.11999999731779099
155,2017-11-17,2.0,"1,000-5,000",123314,254123415,0.9800000190734863
156,2017-11-17,3.0,"5,001-10,000",22184,159033625,0.6100000143051147
157,2017-11-17,4.0,"10,001-15,000",8494,103390623,0.38999998569488525
158,2017-11-17,5.0,"15,001-20,000",3949,69441614,0.25999999046325684
159,2017-11-17,6.0,"20,001-30,000",4381,106700512,0.4099999964237213
160,2017-11-17,7.0,"30,001-40,000",2111,73022352,0.2800000011920929
161,2017-11-17,8.0,"40,001-50,000",1331,59828879,0.23000000417232513
162,2017-11-17,9.0,"50,001-100,000",2631,184302133,0.7099999785423279
163,2017-11-17,10.0,"100,001-200,000",1497,209816790,0.800000011920929
164,2017-11-17,11.0,"200,001-400,000",999,282822790,1.090000033378601
165,2017-11-17,12.0,"400,001-600,000",426,207238719,0.7900000214576721
166,2017-11-17,13.0,"600,001-800,000",250,173667710,0.6600000262260437
167,2017-11-17,14.0,"800,001-1,000,000",187,166739553,0.6399999856948853
168,2017-11-17,15.0,"1,000,001以上",1426,23848316747,91.97000122070312
172,2017-11-10,1.0,1-999,145948,31989805,0.11999999731779099
173,2017-11-10,2.0,"1,000-5,000",121974,251326137,0.9599999785423279
174,2017-11-10,3.0,"5,001-10,000",22086,158143026,0.6000000238418579
175,2017-11-10,4.0,"10,001-15,000",8460,102956630,0.38999998569488525
176,2017-11-10,5.0,"15,001-20,000",3912,68758755,0.25999999046325684
177,2017-11-10,6.0,"20,001-30,000",4373,106460695,0.4099999964237213
178,2017-11-10,7.0,"30,001-40,000",2098,72581658,0.27000001072883606
179,2017-11-10,8.0,"40,001-50,000",1329,59766699,0.23000000417232513
180,2017-11-10,9.0,"50,001-100,000",2624,183729974,0.699999988079071
181,2017-11-10,10.0,"100,001-200,000",1497,209499437,0.800000011920929
182,2017-11-10,11.0,"200,001-400,000",996,280593462,1.0800000429153442
183,2017-11-10,12.0,"400,001-600,000",435,212564681,0.8100000023841858
184,2017-11-10,13.0,"600,001-800,000",245,170232920,0.6499999761581421
185,2017-11-10,14.0,"800,001-1,000,000",186,165922080,0.6299999952316284
186,2017-11-10,15.0,"1,000,001以上",1426,23855854499,91.98999786376953
189,2017-11-03,1.0,1-999,145869,32024230,0.11999999731779099
190,2017-11-03,2.0,"1,000-5,000",121306,250075082,0.9599999785423279
191,2017-11-03,3.0,"5,001-10,000",22021,157647229,0.6000000238418579
192,2017-11-03,4.0,"10,001-15,000",8450,102786824,0.38999998569488525
193,2017-11-03,5.0,"15,001-20,000",3912,68755291,0.25999999046325684
194,2017-11-03,6.0,"20,001-30,000",4354,105956343,0.4000000059604645
195,2017-11-03,7.0,"30,001-40,000",2095,72458303,0.27000001072883606
196,2017-11-03,8.0,"40,001-50,000",1315,59124343,0.2199999988079071
197,2017-11-03,9.0,"50,001-100,000",2624,183511581,0.699999988079071
198,2017-11-03,10.0,"100,001-200,000",1491,208643426,0.800000011920929
199,2017-11-03,11.0,"200,001-400,000",990,279465612,1.0700000524520874
200,2017-11-03,12.0,"400,001-600,000",439,213644350,0.8199999928474426
201,2017-11-03,13.0,"600,001-800,000",243,168900810,0.6499999761581421
202,2017-11-03,14.0,"800,001-1,000,000",184,164115182,0.6299999952316284
203,2017-11-03,15.0,"1,000,001以上",1428,23863271852,92.0199966430664
206,2017-10-27,1.0,1-999,145848,32037881,0.11999999731779099
207,2017-10-27,2.0,"1,000-5,000",120901,249529254,0.9599999785423279
208,2017-10-27,3.0,"5,001-10,000",21956,157079970,0.6000000238418579
209,2017-10-27,4.0,"10,001-15,000",8442,102709642,0.38999998569488525
210,2017-10-27,5.0,"15,001-20,000",3904,68590172,0.25999999046325684
211,2017-10-27,6.0,"20,001-30,000",4370,106353523,0.4099999964237213
212,2017-10-27,7.0,"30,001-40,000",2084,72072538,0.27000001072883606
213,2017-10-27,8.0,"40,001-50,000",1319,59290250,0.2199999988079071
214,2017-10-27,9.0,"50,001-100,000",2616,182821443,0.699999988079071
215,2017-10-27,10.0,"100,001-200,000",1489,208148267,0.800000011920929
216,2017-10-27,11.0,"200,001-400,000",984,278130869,1.0700000524520874
217,2017-10-27,12.0,"400,001-600,000",440,213320715,0.8199999928474426
218,2017-10-27,13.0,"600,001-800,000",246,170122684,0.6499999761581421
219,2017-10-27,14.0,"800,001-1,000,000",185,165350462,0.6299999952316284
220,2017-10-27,15.0,"1,000,001以上",1429,23864822788,92.02999877929688
223,2017-10-20,1.0,1-999,145912,32104799,0.11999999731779099
224,2017-10-20,2.0,"1,000-5,000",119292,246856068,0.949999988079071
225,2017-10-20,3.0,"5,001-10,000",21830,156055265,0.6000000238418579
226,2017-10-20,4.0,"10,001-15,000",8393,102081082,0.38999998569488525
227,2017-10-20,5.0,"15,001-20,000",3882,68173975,0.25999999046325684
228,2017-10-20,6.0,"20,001-30,000",4350,105784755,0.4000000059604645
229,2017-10-20,7.0,"30,001-40,000",2078,71858558,0.27000001072883606
230,2017-10-20,8.0,"40,001-50,000",1319,59334066,0.2199999988079071
231,2017-10-20,9.0,"50,001-100,000",2604,181781571,0.699999988079071
232,2017-10-20,10.0,"100,001-200,000",1494,208552083,0.800000011920929
233,2017-10-20,11.0,"200,001-400,000",987,278979101,1.0700000524520874
234,2017-10-20,12.0,"400,001-600,000",440,213640767,0.8199999928474426
235,2017-10-20,13.0,"600,001-800,000",238,164299600,0.6299999952316284
236,2017-10-20,14.0,"800,001-1,000,000",181,162003449,0.6200000047683716
237,2017-10-20,15.0,"1,000,001以上",1433,23878875319,92.08000183105469
240,2017-10-13,1.0,1-999,145937,32158791,0.11999999731779099
241,2017-10-13,2.0,"1,000-5,000",118288,245365525,0.9399999976158142
242,2017-10-13,3.0,"5,001-10,000",21753,155487252,0.5899999737739563
243,2017-10-13,4.0,"10,001-15,000",8369,101751474,0.38999998569488525
244,2017-10-13,5.0,"15,001-20,000",3873,67999084,0.25999999046325684
245,2017-10-13,6.0,"20,001-30,000",4325,105145547,0.4000000059604645
246,2017-10-13,7.0,"30,001-40,000",2068,71519926,0.27000001072883606
247,2017-10-13,8.0,"40,001-50,000",1325,59618158,0.2199999988079071
248,2017-10-13,9.0,"50,001-100,000",2595,181113251,0.6899999976158142
249,2017-10-13,10.0,"100,001-200,000",1495,208872482,0.800000011920929
250,2017-10-13,11.0,"200,001-400,000",982,277763960,1.0700000524520874
251,2017-10-13,12.0,"400,001-600,000",442,214651937,0.8199999928474426
252,2017-10-13,13.0,"600,001-800,000",241,166403550,0.6399999856948853
253,2017-10-13,14.0,"800,001-1,000,000",180,161166266,0.6200000047683716
254,2017-10-13,15.0,"1,000,001以上",1430,23881363255,92.08999633789062
257,2017-10-06,1.0,1-999,145723,32147118,0.11999999731779099
258,2017-10-06,2.0,"1,000-5,000",118338,246026159,0.9399999976158142
259,2017-10-06,3.0,"5,001-10,000",21855,156250206,0.6000000238418579
260,2017-10-06,4.0,"10,001-15,000",8395,102026592,0.38999998569488525
261,2017-10-06,5.0,"15,001-20,000",3896,68419641,0.25999999046325684
262,2017-10-06,6.0,"20,001-30,000",4360,106088282,0.4000000059604645
263,2017-10-06,7.0,"30,001-40,000",2059,71155062,0.27000001072883606
264,2017-10-06,8.0,"40,001-50,000",1316,59148779,0.2199999988079071
265,2017-10-06,9.0,"50,001-100,000",2635,184015028,0.699999988079071
266,2017-10-06,10.0,"100,001-200,000",1480,206718066,0.7900000214576721
267,2017-10-06,11.0,"200,001-400,000",988,279347056,1.0700000524520874
268,2017-10-06,12.0,"400,001-600,000",440,214279421,0.8199999928474426
269,2017-10-06,13.0,"600,001-800,000",241,166208728,0.6399999856948853
270,2017-10-06,14.0,"800,001-1,000,000",185,165367951,0.6299999952316284
271,2017-10-06,15.0,"1,000,001以上",1433,23873182369,92.05999755859375
274,2017-09-30,1.0,1-999,145307,32058423,0.11999999731779099
275,2017-09-30,2.0,"1,000-5,000",120701,250723349,0.9599999785423279
276,2017-09-30,3.0,"5,001-10,000",22179,158676910,0.6100000143051147
277,2017-09-30,4.0,"10,001-15,000",8500,103357553,0.38999998569488525
278,2017-09-30,5.0,"15,001-20,000",3937,69113757,0.25999999046325684
279,2017-09-30,6.0,"20,001-30,000",4413,107427694,0.4099999964237213
280,2017-09-30,7.0,"30,001-40,000",2098,72516709,0.27000001072883606
281,2017-09-30,8.0,"40,001-50,000",1322,59402236,0.2199999988079071
282,2017-09-30,9.0,"50,001-100,000",2630,183502488,0.699999988079071
283,2017-09-30,10.0,"100,001-200,000",1498,209461386,0.800000011920929
284,2017-09-30,11.0,"200,001-400,000",980,277272067,1.059999942779541
285,2017-09-30,12.0,"400,001-600,000",446,217795480,0.8299999833106995
286,2017-09-30,13.0,"600,001-800,000",239,165008713,0.6299999952316284
287,2017-09-30,14.0,"800,001-1,000,000",182,162925574,0.6200000047683716
288,2017-09-30,15.0,"1,000,001以上",1434,23861138119,92.0199966430664
291,2017-09-22,1.0,1-999,145423,32117391,0.11999999731779099
292,2017-09-22,2.0,"1,000-5,000",119438,248366532,0.949999988079071
293,2017-09-22,3.0,"5,001-10,000",22048,157685937,0.6000000238418579
294,2017-09-22,4.0,"10,001-15,000",8483,103081619,0.38999998569488525
295,2017-09-22,5.0,"15,001-20,000",3899,68435281,0.25999999046325684
296,2017-09-22,6.0,"20,001-30,000",4412,107473235,0.4099999964237213
297,2017-09-22,7.0,"30,001-40,000",2073,71607448,0.27000001072883606
298,2017-09-22,8.0,"40,001-50,000",1333,59902095,0.23000000417232513
299,2017-09-22,9.0,"50,001-100,000",2615,182532355,0.699999988079071
300,2017-09-22,10.0,"100,001-200,000",1482,207454556,0.800000011920929
301,2017-09-22,11.0,"200,001-400,000",977,275742474,1.059999942779541
302,2017-09-22,12.0,"400,001-600,000",449,218502065,0.8399999737739563
303,2017-09-22,13.0,"600,001-800,000",242,166514121,0.6399999856948853
304,2017-09-22,14.0,"800,001-1,000,000",187,167018429,0.6399999856948853
305,2017-09-22,15.0,"1,000,001以上",1436,23863946920,92.02999877929688
308,2017-09-15,1.0,1-999,145253,32106754,0.11999999731779099
309,2017-09-15,2.0,"1,000-5,000",120822,251117703,0.9599999785423279
310,2017-09-15,3.0,"5,001-10,000",22230,159030300,0.6100000143051147
311,2017-09-15,4.0,"10,001-15,000",8526,103633026,0.38999998569488525
312,2017-09-15,5.0,"15,001-20,000",3943,69205510,0.25999999046325684
313,2017-09-15,6.0,"20,001-30,000",4430,107937320,0.4099999964237213
314,2017-09-15,7.0,"30,001-40,000",2077,71759117,0.27000001072883606
315,2017-09-15,8.0,"40,001-50,000",1347,60550695,0.23000000417232513
316,2017-09-15,9.0,"50,001-100,000",2624,183453488,0.699999988079071
317,2017-09-15,10.0,"100,001-200,000",1481,207621272,0.800000011920929
318,2017-09-15,11.0,"200,001-400,000",978,275667666,1.059999942779541
319,2017-09-15,12.0,"400,001-600,000",455,221621904,0.8500000238418579
320,2017-09-15,13.0,"600,001-800,000",236,163082423,0.6200000047683716
321,2017-09-15,14.0,"800,001-1,000,000",188,167873681,0.6399999856948853
322,2017-09-15,15.0,"1,000,001以上",1433,23855719599,91.98999786376953
325,2017-09-08,1.0,1-999,145119,32095086,0.11999999731779099
326,2017-09-08,2.0,"1,000-5,000",122010,253379424,0.9700000286102295
327,2017-09-08,3.0,"5,001-10,000",22372,160068701,0.6100000143051147
328,2017-09-08,4.0,"10,001-15,000",8566,104150641,0.4000000059604645
329,2017-09-08,5.0,"15,001-20,000",3966,69639713,0.25999999046325684
330,2017-09-08,6.0,"20,001-30,000",4450,108398169,0.4099999964237213
331,2017-09-08,7.0,"30,001-40,000",2079,71850371,0.27000001072883606
332,2017-09-08,8.0,"40,001-50,000",1360,61101306,0.23000000417232513
333,2017-09-08,9.0,"50,001-100,000",2638,184497918,0.7099999785423279
334,2017-09-08,10.0,"100,001-200,000",1490,209012573,0.800000011920929
335,2017-09-08,11.0,"200,001-400,000",970,273699690,1.0499999523162842
336,2017-09-08,12.0,"400,001-600,000",453,221017558,0.8500000238418579
337,2017-09-08,13.0,"600,001-800,000",238,164249515,0.6299999952316284
338,2017-09-08,14.0,"800,001-1,000,000",186,166138721,0.6399999856948853
339,2017-09-08,15.0,"1,000,001以上",1438,23851081072,91.9800033569336
342,2017-09-01,1.0,1-999,144921,32066130,0.11999999731779099
343,2017-09-01,2.0,"1,000-5,000",123267,255924107,0.9800000190734863
344,2017-09-01,3.0,"5,001-10,000",22492,161044168,0.6200000047683716
345,2017-09-01,4.0,"10,001-15,000",8595,104471016,0.4000000059604645
346,2017-09-01,5.0,"15,001-20,000",3984,69929435,0.25999999046325684
347,2017-09-01,6.0,"20,001-30,000",4481,109240365,0.41999998688697815
348,2017-09-01,7.0,"30,001-40,000",2087,72160648,0.27000001072883606
349,2017-09-01,8.0,"40,001-50,000",1360,61089982,0.23000000417232513
350,2017-09-01,9.0,"50,001-100,000",2646,184764920,0.7099999785423279
351,2017-09-01,10.0,"100,001-200,000",1502,210681669,0.8100000023841858
352,2017-09-01,11.0,"200,001-400,000",973,273829753,1.0499999523162842
353,2017-09-01,12.0,"400,001-600,000",450,219353205,0.8399999737739563
354,2017-09-01,13.0,"600,001-800,000",241,166315828,0.6399999856948853
355,2017-09-01,14.0,"800,001-1,000,000",185,165463126,0.6299999952316284
356,2017-09-01,15.0,"1,000,001以上",1441,23844046106,91.94999694824219
359,2017-08-25,1.0,1-999,144813,32065026,0.11999999731779099
360,2017-08-25,2.0,"1,000-5,000",124932,258986279,0.9900000095367432
361,2017-08-25,3.0,"5,001-10,000",22670,162419367,0.6200000047683716
362,2017-08-25,4.0,"10,001-15,000",8669,105390403,0.4000000059604645
363,2017-08-25,5.0,"15,001-20,000",3993,70119223,0.27000001072883606
364,2017-08-25,6.0,"20,001-30,000",4504,109807485,0.41999998688697815
365,2017-08-25,7.0,"30,001-40,000",2104,72756913,0.2800000011920929
366,2017-08-25,8.0,"40,001-50,000",1358,60967989,0.23000000417232513
367,2017-08-25,9.0,"50,001-100,000",2669,186168883,0.7099999785423279
368,2017-08-25,10.0,"100,001-200,000",1502,210737625,0.8100000023841858
369,2017-08-25,11.0,"200,001-400,000",977,275394682,1.059999942779541
370,2017-08-25,12.0,"400,001-600,000",444,216650557,0.8299999833106995
371,2017-08-25,13.0,"600,001-800,000",243,167359580,0.6399999856948853
372,2017-08-25,14.0,"800,001-1,000,000",188,168032220,0.6399999856948853
373,2017-08-25,15.0,"1,000,001以上",1442,23833524226,91.91000366210938
376,2017-08-18,1.0,1-999,144699,32069233,0.11999999731779099
377,2017-08-18,2.0,"1,000-5,000",126861,262737671,1.0099999904632568
378,2017-08-18,3.0,"5,001-10,000",22851,163813437,0.6299999952316284
379,2017-08-18,4.0,"10,001-15,000",8745,106399530,0.4099999964237213
380,2017-08-18,5.0,"15,001-20,000",4041,71012325,0.27000001072883606
381,2017-08-18,6.0,"20,001-30,000",4532,110589108,0.41999998688697815
382,2017-08-18,7.0,"30,001-40,000",2118,73252459,0.2800000011920929
383,2017-08-18,8.0,"40,001-50,000",1357,60952057,0.23000000417232513
384,2017-08-18,9.0,"50,001-100,000",2686,187354395,0.7200000286102295
385,2017-08-18,10.0,"100,001-200,000",1499,209968590,0.800000011920929
386,2017-08-18,11.0,"200,001-400,000",981,276835201,1.059999942779541
387,2017-08-18,12.0,"400,001-600,000",446,217871686,0.8399999737739563
388,2017-08-18,13.0,"600,001-800,000",248,170939944,0.6499999761581421
389,2017-08-18,14.0,"800,001-1,000,000",186,166520851,0.6399999856948853
390,2017-08-18,15.0,"1,000,001以上",1438,23820063971,91.86000061035156
393,2017-08-11,1.0,1-999,144828,32137733,0.11999999731779099
394,2017-08-11,2.0,"1,000-5,000",125225,259576849,1.0
395,2017-08-11,3.0,"5,001-10,000",22687,162442393,0.6200000047683716
396,2017-08-11,4.0,"10,001-15,000",8699,105829778,0.4000000059604645
397,2017-08-11,5.0,"15,001-20,000",4000,70248051,0.27000001072883606
398,2017-08-11,6.0,"20,001-30,000",4516,110131365,0.41999998688697815
399,2017-08-11,7.0,"30,001-40,000",2100,72625027,0.2800000011920929
400,2017-08-11,8.0,"40,001-50,000",1349,60601928,0.23000000417232513
401,2017-08-11,9.0,"50,001-100,000",2679,186946212,0.7200000286102295
402,2017-08-11,10.0,"100,001-200,000",1489,208560833,0.800000011920929
403,2017-08-11,11.0,"200,001-400,000",984,278352551,1.0700000524520874
404,2017-08-11,12.0,"400,001-600,000",447,217983830,0.8399999737739563
405,2017-08-11,13.0,"600,001-800,000",243,167237680,0.6399999856948853
406,2017-08-11,14.0,"800,001-1,000,000",188,168602243,0.6499999761581421
407,2017-08-11,15.0,"1,000,001以上",1438,23829103985,91.88999938964844
410,2017-08-04,1.0,1-999,144846,32165781,0.11999999731779099
411,2017-08-04,2.0,"1,000-5,000",126054,260983807,1.0
412,2017-08-04,3.0,"5,001-10,000",22776,163129079,0.6200000047683716
413,2017-08-04,4.0,"10,001-15,000",8706,105894977,0.4000000059604645
414,2017-08-04,5.0,"15,001-20,000",4011,70451068,0.27000001072883606
415,2017-08-04,6.0,"20,001-30,000",4516,110114502,0.41999998688697815
416,2017-08-04,7.0,"30,001-40,000",2101,72651864,0.2800000011920929
417,2017-08-04,8.0,"40,001-50,000",1358,61050086,0.23000000417232513
418,2017-08-04,9.0,"50,001-100,000",2678,186861921,0.7200000286102295
419,2017-08-04,10.0,"100,001-200,000",1498,209855306,0.800000011920929
420,2017-08-04,11.0,"200,001-400,000",985,277872622,1.0700000524520874
421,2017-08-04,12.0,"400,001-600,000",446,217219269,0.8299999833106995
422,2017-08-04,13.0,"600,001-800,000",246,169798860,0.6499999761581421
423,2017-08-04,14.0,"800,001-1,000,000",179,160899560,0.6200000047683716
424,2017-08-04,15.0,"1,000,001以上",1439,23831431756,91.9000015258789
427,2017-07-28,1.0,1-999,144977,32204143,0.11999999731779099
428,2017-07-28,2.0,"1,000-5,000",125702,260604162,1.0
429,2017-07-28,3.0,"5,001-10,000",22755,162951611,0.6200000047683716
430,2017-07-28,4.0,"10,001-15,000",8720,106064812,0.4000000059604645
431,2017-07-28,5.0,"15,001-20,000",3999,70251212,0.27000001072883606
432,2017-07-28,6.0,"20,001-30,000",4493,109504668,0.41999998688697815
433,2017-07-28,7.0,"30,001-40,000",2128,73631127,0.2800000011920929
434,2017-07-28,8.0,"40,001-50,000",1343,60351211,0.23000000417232513
435,2017-07-28,9.0,"50,001-100,000",2688,187716482,0.7200000286102295
436,2017-07-28,10.0,"100,001-200,000",1492,209460369,0.800000011920929
437,2017-07-28,11.0,"200,001-400,000",969,273489319,1.0499999523162842
438,2017-07-28,12.0,"400,001-600,000",448,218167687,0.8399999737739563
439,2017-07-28,13.0,"600,001-800,000",253,174630636,0.6700000166893005
440,2017-07-28,14.0,"800,001-1,000,000",176,157944327,0.6000000238418579
441,2017-07-28,15.0,"1,000,001以上",1443,23833408692,91.91000366210938
444,2017-07-21,1.0,1-999,144939,32215525,0.11999999731779099
445,2017-07-21,2.0,"1,000-5,000",127285,263468183,1.0099999904632568
446,2017-07-21,3.0,"5,001-10,000",22904,164130923,0.6299999952316284
447,2017-07-21,4.0,"10,001-15,000",8769,106747348,0.4099999964237213
448,2017-07-21,5.0,"15,001-20,000",4025,70693849,0.27000001072883606
449,2017-07-21,6.0,"20,001-30,000",4526,110391711,0.41999998688697815
450,2017-07-21,7.0,"30,001-40,000",2139,73999321,0.2800000011920929
451,2017-07-21,8.0,"40,001-50,000",1344,60402615,0.23000000417232513
452,2017-07-21,9.0,"50,001-100,000",2678,187207814,0.7200000286102295
453,2017-07-21,10.0,"100,001-200,000",1503,210394192,0.8100000023841858
454,2017-07-21,11.0,"200,001-400,000",969,273185126,1.0499999523162842
455,2017-07-21,12.0,"400,001-600,000",448,218700305,0.8399999737739563
456,2017-07-21,13.0,"600,001-800,000",255,176113466,0.6700000166893005
457,2017-07-21,14.0,"800,001-1,000,000",178,159381862,0.6100000143051147
458,2017-07-21,15.0,"1,000,001以上",1442,23823348218,91.87000274658203
461,2017-07-14,1.0,1-999,144925,32241029,0.11999999731779099
462,2017-07-14,2.0,"1,000-5,000",128546,265631150,1.0199999809265137
463,2017-07-14,3.0,"5,001-10,000",23052,165285464,0.6299999952316284
464,2017-07-14,4.0,"10,001-15,000",8787,106973226,0.4099999964237213
465,2017-07-14,5.0,"15,001-20,000",4052,71262099,0.27000001072883606
466,2017-07-14,6.0,"20,001-30,000",4545,110846492,0.41999998688697815
467,2017-07-14,7.0,"30,001-40,000",2134,73865118,0.2800000011920929
468,2017-07-14,8.0,"40,001-50,000",1355,60926881,0.23000000417232513
469,2017-07-14,9.0,"50,001-100,000",2695,188407413,0.7200000286102295
470,2017-07-14,10.0,"100,001-200,000",1508,211107215,0.8100000023841858
471,2017-07-14,11.0,"200,001-400,000",964,271295403,1.0399999618530273
472,2017-07-14,12.0,"400,001-600,000",443,216050625,0.8299999833106995
473,2017-07-14,13.0,"600,001-800,000",255,175858956,0.6700000166893005
474,2017-07-14,14.0,"800,001-1,000,000",179,159914978,0.6100000143051147
475,2017-07-14,15.0,"1,000,001以上",1444,23820714409,91.86000061035156
478,2017-07-07,1.0,1-999,144797,32220425,0.11999999731779099
479,2017-07-07,2.0,"1,000-5,000",130710,269817155,1.0399999618530273
480,2017-07-07,3.0,"5,001-10,000",23267,166884653,0.6399999856948853
481,2017-07-07,4.0,"10,001-15,000",8854,107779463,0.4099999964237213
482,2017-07-07,5.0,"15,001-20,000",4066,71500627,0.27000001072883606
483,2017-07-07,6.0,"20,001-30,000",4580,111645666,0.4300000071525574
484,2017-07-07,7.0,"30,001-40,000",2150,74415726,0.2800000011920929
485,2017-07-07,8.0,"40,001-50,000",1366,61414868,0.23000000417232513
486,2017-07-07,9.0,"50,001-100,000",2690,187730846,0.7200000286102295
487,2017-07-07,10.0,"100,001-200,000",1507,210739923,0.8100000023841858
488,2017-07-07,11.0,"200,001-400,000",959,270051245,1.0399999618530273
489,2017-07-07,12.0,"400,001-600,000",448,218463386,0.8399999737739563
490,2017-07-07,13.0,"600,001-800,000",260,180053857,0.6899999976158142
491,2017-07-07,14.0,"800,001-1,000,000",178,159527596,0.6100000143051147
492,2017-07-07,15.0,"1,000,001以上",1443,23808135022,91.80999755859375
495,2017-06-30,1.0,1-999,144913,32265159,0.11999999731779099
496,2017-06-30,2.0,"1,000-5,000",128683,265756266,1.0199999809265137
497,2017-06-30,3.0,"5,001-10,000",23035,165080408,0.6299999952316284
498,2017-06-30,4.0,"10,001-15,000",8779,106789415,0.4099999964237213
499,2017-06-30,5.0,"15,001-20,000",4043,71093290,0.27000001072883606
500,2017-06-30,6.0,"20,001-30,000",4535,110535324,0.41999998688697815
501,2017-06-30,7.0,"30,001-40,000",2133,73771681,0.2800000011920929
502,2017-06-30,8.0,"40,001-50,000",1350,60639859,0.23000000417232513
503,2017-06-30,9.0,"50,001-100,000",2693,187901894,0.7200000286102295
504,2017-06-30,10.0,"100,001-200,000",1491,208294891,0.800000011920929
505,2017-06-30,11.0,"200,001-400,000",971,274081705,1.0499999523162842
506,2017-06-30,12.0,"400,001-600,000",437,213504286,0.8199999928474426
507,2017-06-30,13.0,"600,001-800,000",258,178492169,0.6800000071525574
508,2017-06-30,14.0,"800,001-1,000,000",174,155398310,0.5899999737739563
509,2017-06-30,15.0,"1,000,001以上",1443,23826775801,91.87999725341797
512,2017-06-23,1.0,1-999,145435,32390235,0.11999999731779099
513,2017-06-23,2.0,"1,000-5,000",119655,249453555,0.9599999785423279
514,2017-06-23,3.0,"5,001-10,000",22149,157954859,0.6000000238418579
515,2017-06-23,4.0,"10,001-15,000",8573,104139126,0.4000000059604645
516,2017-06-23,5.0,"15,001-20,000",3906,68535541,0.25999999046325684
517,2017-06-23,6.0,"20,001-30,000",4432,107969884,0.4099999964237213
518,2017-06-23,7.0,"30,001-40,000",2090,72220061,0.27000001072883606
519,2017-06-23,8.0,"40,001-50,000",1337,60077592,0.23000000417232513
520,2017-06-23,9.0,"50,001-100,000",2647,184751727,0.7099999785423279
521,2017-06-23,10.0,"100,001-200,000",1466,205255049,0.7900000214576721
522,2017-06-23,11.0,"200,001-400,000",966,272018216,1.0399999618530273
523,2017-06-23,12.0,"400,001-600,000",448,218943582,0.8399999737739563
524,2017-06-23,13.0,"600,001-800,000",250,172965192,0.6600000262260437
525,2017-06-23,14.0,"800,001-1,000,000",172,154095427,0.5899999737739563
526,2017-06-23,15.0,"1,000,001以上",1445,23869610412,92.05000305175781
529,2017-06-16,1.0,1-999,145138,32373735,0.11999999731779099
530,2017-06-16,2.0,"1,000-5,000",121078,252349220,0.9700000286102295
531,2017-06-16,3.0,"5,001-10,000",22324,159281675,0.6100000143051147
532,2017-06-16,4.0,"10,001-15,000",8650,105115752,0.4000000059604645
533,2017-06-16,5.0,"15,001-20,000",3916,68744062,0.25999999046325684
534,2017-06-16,6.0,"20,001-30,000",4474,109076520,0.41999998688697815
535,2017-06-16,7.0,"30,001-40,000",2093,72284685,0.27000001072883606
536,2017-06-16,8.0,"40,001-50,000",1336,59991438,0.23000000417232513
537,2017-06-16,9.0,"50,001-100,000",2676,186629727,0.7099999785423279
538,2017-06-16,10.0,"100,001-200,000",1475,206727067,0.7900000214576721
539,2017-06-16,11.0,"200,001-400,000",969,272905977,1.0499999523162842
540,2017-06-16,12.0,"400,001-600,000",451,221407639,0.8500000238418579
541,2017-06-16,13.0,"600,001-800,000",249,172426988,0.6600000262260437
542,2017-06-16,14.0,"800,001-1,000,000",175,156813869,0.6000000238418579
543,2017-06-16,15.0,"1,000,001以上",1446,23854252104,91.98999786376953
546,2017-06-09,1.0,1-999,145204,32480112,0.11999999731779099
547,2017-06-09,2.0,"1,000-5,000",114904,241370436,0.9300000071525574
548,2017-06-09,3.0,"5,001-10,000",21920,156160096,0.6000000238418579
549,2017-06-09,4.0,"10,001-15,000",8478,102848271,0.38999998569488525
550,2017-06-09,5.0,"15,001-20,000",3838,67250650,0.25
551,2017-06-09,6.0,"20,001-30,000",4410,107429652,0.4099999964237213
552,2017-06-09,7.0,"30,001-40,000",2055,70951412,0.27000001072883606
553,2017-06-09,8.0,"40,001-50,000",1312,58911288,0.2199999988079071
554,2017-06-09,9.0,"50,001-100,000",2637,183752898,0.699999988079071
555,2017-06-09,10.0,"100,001-200,000",1469,205712816,0.7900000214576721
556,2017-06-09,11.0,"200,001-400,000",971,273836452,1.0499999523162842
557,2017-06-09,12.0,"400,001-600,000",435,213466860,0.8199999928474426
558,2017-06-09,13.0,"600,001-800,000",257,177846001,0.6800000071525574
559,2017-06-09,14.0,"800,001-1,000,000",170,152302153,0.5799999833106995
560,2017-06-09,15.0,"1,000,001以上",1451,23886061361,92.11000061035156
563,2017-06-03,1.0,1-999,145304,32533150,0.11999999731779099
564,2017-06-03,2.0,"1,000-5,000",114568,241055383,0.9200000166893005
565,2017-06-03,3.0,"5,001-10,000",21931,156139685,0.6000000238418579
566,2017-06-03,4.0,"10,001-15,000",8476,102807862,0.38999998569488525
567,2017-06-03,5.0,"15,001-20,000",3852,67492899,0.25999999046325684
568,2017-06-03,6.0,"20,001-30,000",4425,107776732,0.4099999964237213
569,2017-06-03,7.0,"30,001-40,000",2062,71195265,0.27000001072883606
570,2017-06-03,8.0,"40,001-50,000",1310,58812825,0.2199999988079071
571,2017-06-03,9.0,"50,001-100,000",2645,184209202,0.7099999785423279
572,2017-06-03,10.0,"100,001-200,000",1471,206527704,0.7900000214576721
573,2017-06-03,11.0,"200,001-400,000",971,274711932,1.0499999523162842
574,2017-06-03,12.0,"400,001-600,000",431,211251654,0.8100000023841858
575,2017-06-03,13.0,"600,001-800,000",262,180528291,0.6899999976158142
576,2017-06-03,14.0,"800,001-1,000,000",168,151292245,0.5799999833106995
577,2017-06-03,15.0,"1,000,001以上",1449,23884047629,92.0999984741211
581,2017-05-26,1.0,1-999,145570,32599223,0.11999999731779099
582,2017-05-26,2.0,"1,000-5,000",114528,240999728,0.9200000166893005
583,2017-05-26,3.0,"5,001-10,000",21925,156036449,0.6000000238418579
584,2017-05-26,4.0,"10,001-15,000",8483,102869485,0.38999998569488525
585,2017-05-26,5.0,"15,001-20,000",3853,67506999,0.25999999046325684
586,2017-05-26,6.0,"20,001-30,000",4431,107891767,0.4099999964237213
587,2017-05-26,7.0,"30,001-40,000",2057,70987651,0.27000001072883606
588,2017-05-26,8.0,"40,001-50,000",1316,59130246,0.2199999988079071
589,2017-05-26,9.0,"50,001-100,000",2643,183971415,0.699999988079071
590,2017-05-26,10.0,"100,001-200,000",1463,205477576,0.7900000214576721
591,2017-05-26,11.0,"200,001-400,000",971,274755762,1.0499999523162842
592,2017-05-26,12.0,"400,001-600,000",436,213532888,0.8199999928474426
593,2017-05-26,13.0,"600,001-800,000",257,177194500,0.6800000071525574
594,2017-05-26,14.0,"800,001-1,000,000",170,152889959,0.5799999833106995
595,2017-05-26,15.0,"1,000,001以上",1442,23884536810,92.11000061035156
598,2017-05-19,1.0,1-999,145789,32659665,0.11999999731779099
599,2017-05-19,2.0,"1,000-5,000",115006,241977085,0.9300000071525574
600,2017-05-19,3.0,"5,001-10,000",22002,156587184,0.6000000238418579
601,2017-05-19,4.0,"10,001-15,000",8527,103410492,0.38999998569488525
602,2017-05-19,5.0,"15,001-20,000",3846,67390209,0.25
603,2017-05-19,6.0,"20,001-30,000",4443,108200592,0.4099999964237213
604,2017-05-19,7.0,"30,001-40,000",2074,71611063,0.27000001072883606
605,2017-05-19,8.0,"40,001-50,000",1319,59236383,0.2199999988079071
606,2017-05-19,9.0,"50,001-100,000",2650,184545314,0.7099999785423279
607,2017-05-19,10.0,"100,001-200,000",1455,204007485,0.7799999713897705
608,2017-05-19,11.0,"200,001-400,000",978,276340746,1.059999942779541
609,2017-05-19,12.0,"400,001-600,000",429,210101259,0.8100000023841858
610,2017-05-19,13.0,"600,001-800,000",263,181231040,0.6899999976158142
611,2017-05-19,14.0,"800,001-1,000,000",166,148848174,0.5699999928474426
612,2017-05-19,15.0,"1,000,001以上",1443,23884233767,92.0999984741211
615,2017-05-12,1.0,1-999,146121,32748831,0.11999999731779099
616,2017-05-12,2.0,"1,000-5,000",115111,242141479,0.9300000071525574
617,2017-05-12,3.0,"5,001-10,000",22034,156884856,0.6000000238418579
618,2017-05-12,4.0,"10,001-15,000",8551,103732727,0.4000000059604645
619,2017-05-12,5.0,"15,001-20,000",3843,67288871,0.25
620,2017-05-12,6.0,"20,001-30,000",4460,108638129,0.4099999964237213
621,2017-05-12,7.0,"30,001-40,000",2068,71399995,0.27000001072883606
622,2017-05-12,8.0,"40,001-50,000",1331,59798704,0.23000000417232513
623,2017-05-12,9.0,"50,001-100,000",2655,184960852,0.7099999785423279
624,2017-05-12,10.0,"100,001-200,000",1456,204270819,0.7799999713897705
625,2017-05-12,11.0,"200,001-400,000",976,275839925,1.059999942779541
626,2017-05-12,12.0,"400,001-600,000",423,207260714,0.7900000214576721
627,2017-05-12,13.0,"600,001-800,000",259,178524270,0.6800000071525574
628,2017-05-12,14.0,"800,001-1,000,000",163,146154805,0.5600000023841858
629,2017-05-12,15.0,"1,000,001以上",1448,23890759481,92.12999725341797
633,2017-05-05,1.0,1-999,145883,32674664,0.11999999731779099
634,2017-05-05,2.0,"1,000-5,000",119257,250515272,0.9599999785423279
635,2017-05-05,3.0,"5,001-10,000",22608,161159504,0.6200000047683716
636,2017-05-05,4.0,"10,001-15,000",8752,106275549,0.4000000059604645
637,2017-05-05,5.0,"15,001-20,000",3960,69432380,0.25999999046325684
638,2017-05-05,6.0,"20,001-30,000",4531,110480940,0.41999998688697815
639,2017-05-05,7.0,"30,001-40,000",2096,72309546,0.27000001072883606
640,2017-05-05,8.0,"40,001-50,000",1350,60571966,0.23000000417232513
641,2017-05-05,9.0,"50,001-100,000",2723,189893466,0.7300000190734863
642,2017-05-05,10.0,"100,001-200,000",1454,203539226,0.7799999713897705
643,2017-05-05,11.0,"200,001-400,000",993,279940942,1.0700000524520874
644,2017-05-05,12.0,"400,001-600,000",425,209503241,0.800000011920929
645,2017-05-05,13.0,"600,001-800,000",256,176473881,0.6800000071525574
646,2017-05-05,14.0,"800,001-1,000,000",173,154567758,0.5899999737739563
647,2017-05-05,15.0,"1,000,001以上",1443,23853042123,91.9800033569336
650,2017-04-28,1.0,1-999,145594,32606782,0.11999999731779099
651,2017-04-28,2.0,"1,000-5,000",123526,258823861,0.9900000095367432
652,2017-04-28,3.0,"5,001-10,000",23097,164969211,0.6299999952316284
653,2017-04-28,4.0,"10,001-15,000",8896,108105355,0.4099999964237213
654,2017-04-28,5.0,"15,001-20,000",4042,70973592,0.27000001072883606
655,2017-04-28,6.0,"20,001-30,000",4611,112362171,0.4300000071525574
656,2017-04-28,7.0,"30,001-40,000",2134,73684316,0.2800000011920929
657,2017-04-28,8.0,"40,001-50,000",1376,61785461,0.23000000417232513
658,2017-04-28,9.0,"50,001-100,000",2751,191622976,0.7300000190734863
659,2017-04-28,10.0,"100,001-200,000",1464,205129482,0.7900000214576721
660,2017-04-28,11.0,"200,001-400,000",993,280106971,1.0800000429153442
661,2017-04-28,12.0,"400,001-600,000",431,212477984,0.8100000023841858
662,2017-04-28,13.0,"600,001-800,000",258,178271887,0.6800000071525574
663,2017-04-28,14.0,"800,001-1,000,000",163,145500241,0.5600000023841858
664,2017-04-28,15.0,"1,000,001以上",1445,23833960168,91.91000366210938
667,2017-04-21,1.0,1-999,145459,32589752,0.11999999731779099
668,2017-04-21,2.0,"1,000-5,000",125588,262906969,1.0099999904632568
669,2017-04-21,3.0,"5,001-10,000",23323,166750490,0.6399999856948853
670,2017-04-21,4.0,"10,001-15,000",8977,109098124,0.41999998688697815
671,2017-04-21,5.0,"15,001-20,000",4101,72075712,0.27000001072883606
672,2017-04-21,6.0,"20,001-30,000",4640,113129153,0.4300000071525574
673,2017-04-21,7.0,"30,001-40,000",2160,74586162,0.2800000011920929
674,2017-04-21,8.0,"40,001-50,000",1385,62184073,0.23000000417232513
675,2017-04-21,9.0,"50,001-100,000",2763,192562331,0.7400000095367432
676,2017-04-21,10.0,"100,001-200,000",1472,206022238,0.7900000214576721
677,2017-04-21,11.0,"200,001-400,000",1013,286093726,1.100000023841858
678,2017-04-21,12.0,"400,001-600,000",424,209129032,0.800000011920929
679,2017-04-21,13.0,"600,001-800,000",264,182333140,0.699999988079071
680,2017-04-21,14.0,"800,001-1,000,000",163,145535514,0.5600000023841858
681,2017-04-21,15.0,"1,000,001以上",1442,23815384042,91.83999633789062
684,2017-04-14,1.0,1-999,145759,32659749,0.11999999731779099
685,2017-04-14,2.0,"1,000-5,000",123098,257700956,0.9900000095367432
686,2017-04-14,3.0,"5,001-10,000",23028,164499806,0.6299999952316284
687,2017-04-14,4.0,"10,001-15,000",8870,107750468,0.4099999964237213
688,2017-04-14,5.0,"15,001-20,000",4050,71090927,0.27000001072883606
689,2017-04-14,6.0,"20,001-30,000",4601,112185034,0.4300000071525574
690,2017-04-14,7.0,"30,001-40,000",2122,73245820,0.2800000011920929
691,2017-04-14,8.0,"40,001-50,000",1371,61542699,0.23000000417232513
692,2017-04-14,9.0,"50,001-100,000",2749,191670141,0.7300000190734863
693,2017-04-14,10.0,"100,001-200,000",1460,204399660,0.7799999713897705
694,2017-04-14,11.0,"200,001-400,000",1006,284387044,1.090000033378601
695,2017-04-14,12.0,"400,001-600,000",426,209958142,0.800000011920929
696,2017-04-14,13.0,"600,001-800,000",261,180362407,0.6899999976158142
697,2017-04-14,14.0,"800,001-1,000,000",168,149577903,0.5699999928474426
698,2017-04-14,15.0,"1,000,001以上",1441,23829349702,91.88999938964844
701,2017-04-07,1.0,1-999,145921,32702941,0.11999999731779099
702,2017-04-07,2.0,"1,000-5,000",122302,256203160,0.9800000190734863
703,2017-04-07,3.0,"5,001-10,000",22928,163703311,0.6299999952316284
704,2017-04-07,4.0,"10,001-15,000",8829,107263798,0.4099999964237213
705,2017-04-07,5.0,"15,001-20,000",4022,70560066,0.27000001072883606
706,2017-04-07,6.0,"20,001-30,000",4584,111675121,0.4300000071525574
707,2017-04-07,7.0,"30,001-40,000",2123,73314350,0.2800000011920929
708,2017-04-07,8.0,"40,001-50,000",1372,61608771,0.23000000417232513
709,2017-04-07,9.0,"50,001-100,000",2737,190844023,0.7300000190734863
710,2017-04-07,10.0,"100,001-200,000",1464,204727688,0.7799999713897705
711,2017-04-07,11.0,"200,001-400,000",1007,284671386,1.090000033378601
712,2017-04-07,12.0,"400,001-600,000",423,208607449,0.800000011920929
713,2017-04-07,13.0,"600,001-800,000",264,182148974,0.699999988079071
714,2017-04-07,14.0,"800,001-1,000,000",167,149270735,0.5699999928474426
715,2017-04-07,15.0,"1,000,001以上",1437,23833078685,91.91000366210938
718,2017-03-31,1.0,1-999,146060,32753473,0.11999999731779099
719,2017-03-31,2.0,"1,000-5,000",120916,253547770,0.9700000286102295
720,2017-03-31,3.0,"5,001-10,000",22755,162352488,0.6200000047683716
721,2017-03-31,4.0,"10,001-15,000",8809,106998820,0.4099999964237213
722,2017-03-31,5.0,"15,001-20,000",3981,69822975,0.25999999046325684
723,2017-03-31,6.0,"20,001-30,000",4568,111297650,0.41999998688697815
724,2017-03-31,7.0,"30,001-40,000",2115,73029342,0.2800000011920929
725,2017-03-31,8.0,"40,001-50,000",1365,61301470,0.23000000417232513
726,2017-03-31,9.0,"50,001-100,000",2733,190805267,0.7300000190734863
727,2017-03-31,10.0,"100,001-200,000",1445,201549516,0.7699999809265137
728,2017-03-31,11.0,"200,001-400,000",1013,286053564,1.100000023841858
729,2017-03-31,12.0,"400,001-600,000",424,208627169,0.800000011920929
730,2017-03-31,13.0,"600,001-800,000",267,184410973,0.7099999785423279
731,2017-03-31,14.0,"800,001-1,000,000",157,139847127,0.5299999713897705
732,2017-03-31,15.0,"1,000,001以上",1442,23847982854,91.95999908447266
735,2017-03-24,1.0,1-999,146310,32835989,0.11999999731779099
736,2017-03-24,2.0,"1,000-5,000",119908,251702639,0.9700000286102295
737,2017-03-24,3.0,"5,001-10,000",22626,161331726,0.6200000047683716
738,2017-03-24,4.0,"10,001-15,000",8787,106663256,0.4099999964237213
739,2017-03-24,5.0,"15,001-20,000",3967,69536540,0.25999999046325684
740,2017-03-24,6.0,"20,001-30,000",4539,110562061,0.41999998688697815
741,2017-03-24,7.0,"30,001-40,000",2107,72685888,0.2800000011920929
742,2017-03-24,8.0,"40,001-50,000",1366,61344395,0.23000000417232513
743,2017-03-24,9.0,"50,001-100,000",2728,190520189,0.7300000190734863
744,2017-03-24,10.0,"100,001-200,000",1436,200381032,0.7699999809265137
745,2017-03-24,11.0,"200,001-400,000",1011,285348382,1.100000023841858
746,2017-03-24,12.0,"400,001-600,000",420,206644664,0.7900000214576721
747,2017-03-24,13.0,"600,001-800,000",272,188601029,0.7200000286102295
748,2017-03-24,14.0,"800,001-1,000,000",152,135612920,0.5199999809265137
749,2017-03-24,15.0,"1,000,001以上",1442,23856609748,92.0
752,2017-03-17,1.0,1-999,146156,32791157,0.11999999731779099
753,2017-03-17,2.0,"1,000-5,000",124027,259599445,1.0
754,2017-03-17,3.0,"5,001-10,000",23121,165125983,0.6299999952316284
755,2017-03-17,4.0,"10,001-15,000",8951,108767887,0.4099999964237213
756,2017-03-17,5.0,"15,001-20,000",4006,70234446,0.27000001072883606
757,2017-03-17,6.0,"20,001-30,000",4623,112661420,0.4300000071525574
758,2017-03-17,7.0,"30,001-40,000",2135,73694755,0.2800000011920929
759,2017-03-17,8.0,"40,001-50,000",1385,62177679,0.23000000417232513
760,2017-03-17,9.0,"50,001-100,000",2750,192343687,0.7400000095367432
761,2017-03-17,10.0,"100,001-200,000",1434,200164530,0.7699999809265137
762,2017-03-17,11.0,"200,001-400,000",1007,283904840,1.090000033378601
763,2017-03-17,12.0,"400,001-600,000",423,207381408,0.7900000214576721
764,2017-03-17,13.0,"600,001-800,000",273,188735205,0.7200000286102295
765,2017-03-17,14.0,"800,001-1,000,000",146,129727878,0.5
766,2017-03-17,15.0,"1,000,001以上",1445,23843070138,91.94999694824219
769,2017-03-10,1.0,1-999,145934,32736367,0.11999999731779099
770,2017-03-10,2.0,"1,000-5,000",126667,264925903,1.0199999809265137
771,2017-03-10,3.0,"5,001-10,000",23384,167109114,0.6399999856948853
772,2017-03-10,4.0,"10,001-15,000",9014,109578817,0.41999998688697815
773,2017-03-10,5.0,"15,001-20,000",4080,71640073,0.27000001072883606
774,2017-03-10,6.0,"20,001-30,000",4675,114060853,0.4300000071525574
775,2017-03-10,7.0,"30,001-40,000",2167,74847120,0.2800000011920929
776,2017-03-10,8.0,"40,001-50,000",1384,62129314,0.23000000417232513
777,2017-03-10,9.0,"50,001-100,000",2776,194259486,0.7400000095367432
778,2017-03-10,10.0,"100,001-200,000",1440,201033306,0.7699999809265137
779,2017-03-10,11.0,"200,001-400,000",1007,284436477,1.090000033378601
780,2017-03-10,12.0,"400,001-600,000",419,206282809,0.7900000214576721
781,2017-03-10,13.0,"600,001-800,000",277,191270097,0.7300000190734863
782,2017-03-10,14.0,"800,001-1,000,000",139,123428246,0.4699999988079071
783,2017-03-10,15.0,"1,000,001以上",1444,23832642476,91.91000366210938
786,2017-03-03,1.0,1-999,146279,32825378,0.11999999731779099
787,2017-03-03,2.0,"1,000-5,000",123932,259728902,1.0
788,2017-03-03,3.0,"5,001-10,000",23129,165111353,0.6299999952316284
789,2017-03-03,4.0,"10,001-15,000",8960,108892687,0.4099999964237213
790,2017-03-03,5.0,"15,001-20,000",4068,71424883,0.27000001072883606
791,2017-03-03,6.0,"20,001-30,000",4622,112669582,0.4300000071525574
792,2017-03-03,7.0,"30,001-40,000",2156,74447024,0.2800000011920929
793,2017-03-03,8.0,"40,001-50,000",1380,61944781,0.23000000417232513
794,2017-03-03,9.0,"50,001-100,000",2763,193305529,0.7400000095367432
795,2017-03-03,10.0,"100,001-200,000",1427,199261486,0.7599999904632568
796,2017-03-03,11.0,"200,001-400,000",1006,282818170,1.090000033378601
797,2017-03-03,12.0,"400,001-600,000",432,212582100,0.8100000023841858
798,2017-03-03,13.0,"600,001-800,000",269,185983521,0.7099999785423279
799,2017-03-03,14.0,"800,001-1,000,000",138,122510467,0.4699999988079071
800,2017-03-03,15.0,"1,000,001以上",1445,23846874595,91.95999908447266
803,2017-02-24,1.0,1-999,146423,32868411,0.11999999731779099
804,2017-02-24,2.0,"1,000-5,000",122438,256925128,0.9900000095367432
805,2017-02-24,3.0,"5,001-10,000",22999,164120295,0.6299999952316284
806,2017-02-24,4.0,"10,001-15,000",8897,108076493,0.4099999964237213
807,2017-02-24,5.0,"15,001-20,000",4010,70323372,0.27000001072883606
808,2017-02-24,6.0,"20,001-30,000",4609,112352767,0.4300000071525574
809,2017-02-24,7.0,"30,001-40,000",2139,73823313,0.2800000011920929
810,2017-02-24,8.0,"40,001-50,000",1372,61552035,0.23000000417232513
811,2017-02-24,9.0,"50,001-100,000",2749,192317836,0.7400000095367432
812,2017-02-24,10.0,"100,001-200,000",1435,200490177,0.7699999809265137
813,2017-02-24,11.0,"200,001-400,000",1001,280905052,1.0800000429153442
814,2017-02-24,12.0,"400,001-600,000",433,213034667,0.8199999928474426
815,2017-02-24,13.0,"600,001-800,000",269,186001667,0.7099999785423279
816,2017-02-24,14.0,"800,001-1,000,000",143,127007144,0.47999998927116394
817,2017-02-24,15.0,"1,000,001以上",1443,23850582101,91.97000122070312
820,2017-02-18,1.0,1-999,146484,32919211,0.11999999731779099
821,2017-02-18,2.0,"1,000-5,000",122546,257444188,0.9900000095367432
822,2017-02-18,3.0,"5,001-10,000",23011,164241223,0.6299999952316284
823,2017-02-18,4.0,"10,001-15,000",8906,108211084,0.4099999964237213
824,2017-02-18,5.0,"15,001-20,000",4025,70573489,0.27000001072883606
825,2017-02-18,6.0,"20,001-30,000",4607,112289541,0.4300000071525574
826,2017-02-18,7.0,"30,001-40,000",2132,73523366,0.2800000011920929
827,2017-02-18,8.0,"40,001-50,000",1385,62135011,0.23000000417232513
828,2017-02-18,9.0,"50,001-100,000",2751,192612496,0.7400000095367432
829,2017-02-18,10.0,"100,001-200,000",1444,201776825,0.7699999809265137
830,2017-02-18,11.0,"200,001-400,000",998,280131702,1.0800000429153442
831,2017-02-18,12.0,"400,001-600,000",438,215305835,0.8299999833106995
832,2017-02-18,13.0,"600,001-800,000",268,185290571,0.7099999785423279
833,2017-02-18,14.0,"800,001-1,000,000",141,124962632,0.47999998927116394
834,2017-02-18,15.0,"1,000,001以上",1444,23848968284,91.97000122070312
838,2017-02-10,1.0,1-999,146176,32886578,0.11999999731779099
839,2017-02-10,2.0,"1,000-5,000",125099,262912278,1.0099999904632568
840,2017-02-10,3.0,"5,001-10,000",23416,167263298,0.6399999856948853
841,2017-02-10,4.0,"10,001-15,000",9057,110179349,0.41999998688697815
842,2017-02-10,5.0,"15,001-20,000",4068,71368394,0.27000001072883606
843,2017-02-10,6.0,"20,001-30,000",4661,113549238,0.4300000071525574
844,2017-02-10,7.0,"30,001-40,000",2169,74898089,0.2800000011920929
845,2017-02-10,8.0,"40,001-50,000",1388,62278889,0.23999999463558197
846,2017-02-10,9.0,"50,001-100,000",2774,194124674,0.7400000095367432
847,2017-02-10,10.0,"100,001-200,000",1453,203275619,0.7799999713897705
848,2017-02-10,11.0,"200,001-400,000",997,279509315,1.0700000524520874
849,2017-02-10,12.0,"400,001-600,000",439,215497664,0.8299999833106995
850,2017-02-10,13.0,"600,001-800,000",271,187966674,0.7200000286102295
851,2017-02-10,14.0,"800,001-1,000,000",137,121084175,0.46000000834465027
852,2017-02-10,15.0,"1,000,001以上",1450,23833586224,91.91000366210938
855,2017-02-03,1.0,1-999,146262,32921596,0.11999999731779099
856,2017-02-03,2.0,"1,000-5,000",124308,261633780,1.0
857,2017-02-03,3.0,"5,001-10,000",23345,166675504,0.6399999856948853
858,2017-02-03,4.0,"10,001-15,000",9041,109949847,0.41999998688697815
859,2017-02-03,5.0,"15,001-20,000",4059,71209676,0.27000001072883606
860,2017-02-03,6.0,"20,001-30,000",4651,113202049,0.4300000071525574
861,2017-02-03,7.0,"30,001-40,000",2172,75029814,0.2800000011920929
862,2017-02-03,8.0,"40,001-50,000",1372,61541140,0.23000000417232513
863,2017-02-03,9.0,"50,001-100,000",2767,193338770,0.7400000095367432
864,2017-02-03,10.0,"100,001-200,000",1447,202677904,0.7799999713897705
865,2017-02-03,11.0,"200,001-400,000",993,278992828,1.0700000524520874
866,2017-02-03,12.0,"400,001-600,000",437,214183607,0.8199999928474426
867,2017-02-03,13.0,"600,001-800,000",273,189336028,0.7300000190734863
868,2017-02-03,14.0,"800,001-1,000,000",143,126236996,0.47999998927116394
869,2017-02-03,15.0,"1,000,001以上",1447,23833450919,91.91000366210938
872,2017-01-26,1.0,1-999,146200,32905905,0.11999999731779099
873,2017-01-26,2.0,"1,000-5,000",125384,263910684,1.0099999904632568
874,2017-01-26,3.0,"5,001-10,000",23472,167719176,0.6399999856948853
875,2017-01-26,4.0,"10,001-15,000",9068,110318845,0.41999998688697815
876,2017-01-26,5.0,"15,001-20,000",4081,71659043,0.27000001072883606
877,2017-01-26,6.0,"20,001-30,000",4674,113778695,0.4300000071525574
878,2017-01-26,7.0,"30,001-40,000",2178,75245643,0.28999999165534973
879,2017-01-26,8.0,"40,001-50,000",1371,61535133,0.23000000417232513
880,2017-01-26,9.0,"50,001-100,000",2770,193681091,0.7400000095367432
881,2017-01-26,10.0,"100,001-200,000",1445,202205901,0.7699999809265137
882,2017-01-26,11.0,"200,001-400,000",997,279961579,1.0700000524520874
883,2017-01-26,12.0,"400,001-600,000",434,212774926,0.8199999928474426
884,2017-01-26,13.0,"600,001-800,000",275,190535344,0.7300000190734863
885,2017-01-26,14.0,"800,001-1,000,000",147,129965899,0.5
886,2017-01-26,15.0,"1,000,001以上",1445,23824182594,91.87000274658203
889,2017-01-20,1.0,1-999,145955,32850570,0.11999999731779099
890,2017-01-20,2.0,"1,000-5,000",129862,272719584,1.0499999523162842
891,2017-01-20,3.0,"5,001-10,000",23915,171122449,0.6499999761581421
892,2017-01-20,4.0,"10,001-15,000",9179,111734933,0.4300000071525574
893,2017-01-20,5.0,"15,001-20,000",4134,72625596,0.2800000011920929
894,2017-01-20,6.0,"20,001-30,000",4743,115593362,0.4399999976158142
895,2017-01-20,7.0,"30,001-40,000",2205,76222127,0.28999999165534973
896,2017-01-20,8.0,"40,001-50,000",1392,62493346,0.23999999463558197
897,2017-01-20,9.0,"50,001-100,000",2777,194088598,0.7400000095367432
898,2017-01-20,10.0,"100,001-200,000",1457,203853743,0.7799999713897705
899,2017-01-20,11.0,"200,001-400,000",997,279933456,1.0700000524520874
900,2017-01-20,12.0,"400,001-600,000",441,216990663,0.8299999833106995
901,2017-01-20,13.0,"600,001-800,000",272,187930577,0.7200000286102295
902,2017-01-20,14.0,"800,001-1,000,000",143,126685087,0.47999998927116394
903,2017-01-20,15.0,"1,000,001以上",1442,23805536367,91.80000305175781
906,2017-01-13,1.0,1-999,146221,32906879,0.11999999731779099
907,2017-01-13,2.0,"1,000-5,000",126106,265409364,1.0199999809265137
908,2017-01-13,3.0,"5,001-10,000",23541,168338351,0.6399999856948853
909,2017-01-13,4.0,"10,001-15,000",9071,110276154,0.41999998688697815
910,2017-01-13,5.0,"15,001-20,000",4077,71560831,0.27000001072883606
911,2017-01-13,6.0,"20,001-30,000",4687,114146849,0.4399999976158142
912,2017-01-13,7.0,"30,001-40,000",2193,75839033,0.28999999165534973
913,2017-01-13,8.0,"40,001-50,000",1365,61269029,0.23000000417232513
914,2017-01-13,9.0,"50,001-100,000",2756,192313135,0.7400000095367432
915,2017-01-13,10.0,"100,001-200,000",1457,203587640,0.7799999713897705
916,2017-01-13,11.0,"200,001-400,000",1001,281197184,1.0800000429153442
917,2017-01-13,12.0,"400,001-600,000",441,216258695,0.8299999833106995
918,2017-01-13,13.0,"600,001-800,000",279,193182485,0.7400000095367432
919,2017-01-13,14.0,"800,001-1,000,000",138,122350695,0.4699999988079071
920,2017-01-13,15.0,"1,000,001以上",1439,23821744134,91.86000061035156
923,2017-01-06,1.0,1-999,146167,32900866,0.11999999731779099
924,2017-01-06,2.0,"1,000-5,000",127916,269125141,1.0299999713897705
925,2017-01-06,3.0,"5,001-10,000",23737,169787600,0.6499999761581421
926,2017-01-06,4.0,"10,001-15,000",9096,110605732,0.41999998688697815
927,2017-01-06,5.0,"15,001-20,000",4113,72204194,0.27000001072883606
928,2017-01-06,6.0,"20,001-30,000",4694,114370101,0.4399999976158142
929,2017-01-06,7.0,"30,001-40,000",2196,75913850,0.28999999165534973
930,2017-01-06,8.0,"40,001-50,000",1393,62569493,0.23999999463558197
931,2017-01-06,9.0,"50,001-100,000",2762,192983964,0.7400000095367432
932,2017-01-06,10.0,"100,001-200,000",1457,203904267,0.7799999713897705
933,2017-01-06,11.0,"200,001-400,000",998,280347902,1.0800000429153442
934,2017-01-06,12.0,"400,001-600,000",442,217696203,0.8299999833106995
935,2017-01-06,13.0,"600,001-800,000",275,190910218,0.7300000190734863
936,2017-01-06,14.0,"800,001-1,000,000",144,128148839,0.49000000953674316
937,2017-01-06,15.0,"1,000,001以上",1430,23808912088,91.80999755859375
