,Stock Symbol,Period Type,Fiscal Period,Revenue per Share,EBITDA per Share,EBIT per Share,Earnings per Share (Diluted),EPS without NRI,Owner Earnings per Share (TTM),Free Cash Flow per Share,Operating Cash Flow per Share,Dividends per Share,Book Value per Share,Tangible Book per Share,Total Debt per Share,Month End Stock Price,ROE %,ROE % Adjusted to Book Value,ROA %,ROC (Joel Greenblatt) %,ROIC %,WACC %,Effective Interest Rate on Debt %,Gross Margin %,Operating Margin %,Net Margin %,FCF Margin %,Debt-to-Equity,Equity-to-Asset,Debt-to-Asset,Gross-Profit-to-Asset %,Asset Turnover,Dividend Payout Ratio,Days Sales Outstanding,Days Payable,Days Inventory,Cash Conversion Cycle,Inventory Turnover,COGS-to-Revenue,Inventory-to-Revenue,Revenue,Cost of Goods Sold,Gross Profit,"Selling, General, & Admin. Expense",Advertising,Research & Development,Other Operating Expense,Operating Income,Interest Income,Interest Expense,Net Interest Income,Other Income (Expense),Other Income (Minority Interest),Pre-Tax Income,Tax Provision,Tax Rate %,Net Income (Continuing Operations),Net Income (Discontinued Operations),Net Income,Preferred Dividends,EPS (Basic),EPS (Diluted),Shares Outstanding (Diluted Average),"Depreciation, Depletion and Amortization",EBITDA,Cash And Cash Equivalents,Marketable Securities,"Cash, Cash Equivalents, Marketable Securities",Accounts Receivable,Notes Receivable,Other Current Receivables,Total Receivables,"Inventories, Raw Materials & Components","Inventories, Work In Process","Inventories, Inventories Adjustments","Inventories, Finished Goods","Inventories, Other",Total Inventories,Other Current Assets,Total Current Assets,Investments And Advances,Land And Improvements,Buildings And Improvements,"Machinery, Furniture, Equipment",Construction In Progress,"Gross Property, Plant and Equipment",Accumulated Depreciation,"Property, Plant and Equipment",Intangible Assets,Goodwill,Other Long Term Assets,Total Assets,Accounts Payable,Total Tax Payable,Other Current Payables,Current Accrued Expense,Accounts Payable & Accrued Expense,Current Portion of Long-Term Debt,Current Deferred Revenue,Current Deferred Taxes Liabilities,DeferredTaxAndRevenue,Other Current Liabilities,Total Current Liabilities,Long-Term Debt,Capital Lease Obligation,Long-Term Debt & Capital Lease Obligation,PensionAndRetirementBenefit,NonCurrent Deferred Liabilities,Minority Interest,Other Long-Term Liabilities,Total Liabilities,Common Stock,Preferred Stock,Retained Earnings,Accumulated other comprehensive income (loss),Additional Paid-In Capital,Treasury Stock,Total Equity,Net Foreign Currency Exchange Gain,Net Income From Continuing Operations,Change In Receivables,Change In Inventory,Change In Prepaid Assets,Change In Payables And Accrued Expense,Change In Working Capital,Change In DeferredTax,Stock Based Compensation,Cash Flow from Discontinued Operations,Cash Flow from Others,Cash Flow from Operations,"Purchase Of Property, Plant, Equipment","Sale Of Property, Plant, Equipment",Purchase Of Business,Sale Of Business,Purchase Of Investment,Sale Of Investment,Net Intangibles Purchase And Sale,Cash From Discontinued Investing Activities,Cash From Other Investing Activities,Cash Flow from Investing,Issuance of Stock,Repurchase of Stock,Net Issuance of Preferred Stock,Net Issuance of Debt,Cash Flow for Dividends,Other Financing,Cash Flow from Financing,Net Change in Cash,Capital Expenditure,Free Cash Flow,PE Ratio,Price-to-Owner-Earnings,PB Ratio,Price-to-Tangible-Book,Price-to-Free-Cash-Flow,Price-to-Operating-Cash-Flow,PS Ratio,PEG Ratio,EV-to-Revenue,EV-to-EBITDA,EV-to-EBIT,Earnings Yield (Joel Greenblatt) %,Forward Rate of Return (Yacktman) %,Shiller PE Ratio,Dividend Yield %,Market Cap,Enterprise Value,Net Cash per Share,Net Current Asset Value,Net-Net Working Capital,Intrinsic Value: Projected FCF,Median PS Value,Peter Lynch Fair Value,Graham Number,Earnings Power Value (EPV),Altman Z-Score,Piotroski F-Score,Beneish M-Score,Scaled Net Operating Assets,Sloan Ratio %,Current Ratio,Quick Ratio,Interest Coverage,Highest Stock Price,Lowest Stock Price,Shares Buyback Ratio %,YoY Rev. per Sh. Growth,YoY EPS Growth,YoY EBITDA Growth,5-Year EBITDA Growth Rate,Shares Outstanding (Basic Average),Shares Outstanding (EOP),Beta,Filing Date,Restated Filing Date,Number of Shareholders,Number of Employees,Debt Ratio,Long Term Funds To Fixed Assets
0,LUV,A,Dec14,26.73,4.11,2.76,1.64,1.64,2.84,1.54,4.17,0.22,10.03,8.06,4.27,42.32,16.10,3.82,5.82,13.89,20.36,5.57,3.75,58.74,11.96,6.11,5.77,0.43,0.34,0.15,55.94,0.95,0.13,0.00,5.85,19.23,13.38,18.98,0.41,0.02,18605.00,7677.00,10928.00,5434.00,0.00,0.00,3269.00,2225.00,7.00,-107.00,-100.00,-309.00,0.00,1816.00,-680.00,37.44,1136.00,0.00,1136.00,0.00,1.65,1.64,696.00,938.00,2861.00,1282.00,1706.00,2988.00,0.00,0.00,365.00,365.00,0.00,0.00,0.00,0.00,342.00,342.00,232.00,3927.00,35.00,0.00,0.00,2853.00,0.00,22513.00,-8221.00,14292.00,1333.00,970.00,136.00,19723.00,123.00,244.00,917.00,1484.00,2768.00,258.00,0.00,0.00,0.00,2897.00,5923.00,2434.00,193.00,2627.00,169.00,3009.00,0.00,1220.00,12948.00,808.00,0.00,7416.00,-738.00,1315.00,-2026.00,6775.00,0.00,1136.00,54.00,0.00,0.00,36.00,558.00,501.00,0.00,0.00,-231.00,2902.00,-80.00,0.00,0.00,0.00,-3080.00,3185.00,0.00,0.00,-1752.00,-1727.00,0.00,-955.00,0.00,-272.00,-139.00,118.00,-1248.00,-73.00,-1828.00,1074.00,25.80,14.90,4.22,5.25,27.48,10.15,1.58,0.00,0.00,0.00,0.00,0.00,0.00,0.00,0.00,0.00,0.00,0.00,0.00,-16.52,0.00,0.00,0.00,0.00,0.00,0.00,0.00,0.00,0.00,0.00,0.66,0.61,20.79,0.00,0.00,0.00,0.00,0.00,0.00,0.00,0.00,0.00,0.00,0.00,0.00,0.00,0.00,0.66,0.64
1,LUV,A,Dec15,29.63,6.85,5.34,3.27,3.27,4.06,1.64,4.84,0.29,11.36,9.15,4.91,43.06,30.86,8.14,10.63,23.88,36.45,9.29,2.97,69.60,20.77,11.00,5.52,0.43,0.35,0.15,67.24,0.97,0.09,0.00,10.78,19.78,9.00,18.45,0.30,0.02,19820.00,6025.00,13795.00,6383.00,0.00,0.00,3296.00,4116.00,9.00,-90.00,-81.00,-556.00,0.00,3479.00,-1298.00,37.31,2181.00,0.00,2181.00,0.00,3.30,3.27,669.00,1015.00,4584.00,1583.00,1468.00,3051.00,0.00,0.00,474.00,474.00,0.00,0.00,0.00,0.00,311.00,311.00,188.00,4024.00,0.00,0.00,0.00,3219.00,915.00,24685.00,-9084.00,15601.00,1434.00,970.00,253.00,21312.00,178.00,241.00,831.00,2529.00,3779.00,637.00,0.00,0.00,0.00,2990.00,7406.00,2541.00,0.00,2541.00,0.00,2490.00,0.00,1517.00,13954.00,808.00,0.00,9409.00,-1051.00,1374.00,-3182.00,7358.00,0.00,2181.00,-88.00,0.00,0.00,961.00,1070.00,-109.00,0.00,0.00,-919.00,3238.00,-102.00,0.00,0.00,0.00,-1986.00,2223.00,0.00,0.00,-2048.00,-1913.00,46.00,-1180.00,0.00,287.00,-180.00,49.00,-1024.00,301.00,-2143.00,1095.00,13.17,10.61,3.79,4.71,26.26,8.90,1.45,0.00,0.00,0.00,0.00,0.00,0.00,0.00,0.00,0.00,0.00,0.00,0.00,-18.26,0.00,0.00,0.00,0.00,0.00,0.00,0.00,0.00,0.00,0.00,0.54,0.50,45.73,0.00,0.00,0.00,0.00,0.00,0.00,0.00,0.00,0.00,0.00,0.00,0.00,0.00,0.00,0.65,0.63
2,LUV,A,Dec16,32.27,7.65,5.72,3.55,3.55,3.95,3.39,6.78,0.38,13.72,11.45,5.51,49.84,28.41,7.83,10.06,22.19,29.72,7.77,2.28,69.98,18.41,10.99,10.51,0.40,0.36,0.15,64.10,0.92,0.11,0.00,8.21,19.29,11.08,18.93,0.30,0.02,20425.00,6132.00,14293.00,6798.00,0.00,0.00,3735.00,3760.00,24.00,-75.00,-51.00,-162.00,0.00,3547.00,-1303.00,36.74,2244.00,0.00,2244.00,0.00,3.58,3.55,633.00,1221.00,4843.00,1680.00,1625.00,3305.00,0.00,0.00,546.00,546.00,0.00,0.00,0.00,0.00,337.00,337.00,310.00,4498.00,0.00,0.00,0.00,0.00,0.00,26464.00,-9420.00,17044.00,1396.00,970.00,348.00,23286.00,138.00,184.00,856.00,1985.00,3163.00,566.00,0.00,0.00,0.00,3115.00,6844.00,2821.00,0.00,2821.00,256.00,3578.00,0.00,1346.00,14845.00,808.00,0.00,11418.00,-323.00,1410.00,-4872.00,8441.00,0.00,2244.00,-50.00,0.00,0.00,226.00,182.00,455.00,0.00,0.00,191.00,4293.00,-109.00,0.00,0.00,0.00,-2388.00,2263.00,0.00,0.00,-2038.00,-2272.00,0.00,-1750.00,0.00,-76.00,-222.00,124.00,-1924.00,97.00,-2147.00,2146.00,14.04,12.62,3.63,4.35,14.70,7.35,1.54,0.00,0.00,0.00,0.00,0.00,0.00,0.00,0.00,0.00,0.00,0.00,0.00,-20.53,0.00,0.00,0.00,0.00,0.00,0.00,0.00,0.00,0.00,0.00,0.66,0.61,50.13,0.00,0.00,0.00,0.00,0.00,0.00,0.00,0.00,0.00,0.00,0.00,0.00,0.00,0.00,0.64,0.66
3,LUV,A,Dec17,35.11,7.52,5.50,5.79,5.79,3.17,2.79,6.52,0.45,17.58,15.25,6.18,65.45,36.97,9.94,14.41,18.64,38.98,8.58,1.84,69.62,16.60,16.48,7.94,0.35,0.42,0.15,60.91,0.88,0.08,0.00,10.56,21.48,10.92,16.99,0.30,0.02,21171.00,6431.00,14740.00,7319.00,0.00,0.00,3906.00,3515.00,35.00,-65.00,-30.00,-234.00,0.00,3251.00,237.00,-7.29,3488.00,0.00,3488.00,0.00,5.80,5.79,603.00,1218.00,4534.00,1495.00,1778.00,3273.00,0.00,0.00,662.00,662.00,0.00,0.00,0.00,0.00,420.00,420.00,460.00,4815.00,0.00,0.00,0.00,4399.00,1543.00,28229.00,-9690.00,18539.00,1383.00,970.00,373.00,25110.00,186.00,203.00,931.00,1777.00,3097.00,348.00,0.00,0.00,0.00,3460.00,6905.00,3320.00,0.00,3320.00,275.00,2595.00,0.00,1585.00,14680.00,808.00,0.00,14621.00,12.00,1451.00,-6462.00,10430.00,0.00,3488.00,-102.00,0.00,0.00,246.00,227.00,-1212.00,0.00,0.00,208.00,3929.00,-126.00,0.00,0.00,0.00,-2380.00,2221.00,0.00,0.00,-2123.00,-2408.00,0.00,-1600.00,0.00,8.00,-274.00,160.00,-1706.00,-185.00,-2249.00,1680.00,11.30,20.65,3.72,4.29,23.46,10.04,1.86,0.00,0.00,0.00,0.00,0.00,0.00,0.00,0.00,0.00,0.00,0.00,0.00,-21.52,0.00,0.00,0.00,0.00,0.00,0.00,0.00,0.00,0.00,0.00,0.70,0.64,54.08,0.00,0.00,0.00,0.00,0.00,0.00,0.00,0.00,0.00,0.00,0.00,0.00,0.00,0.00,0.58,0.74
4,LUV,A,TTM,35.14,7.53,5.51,5.79,5.79,3.17,2.76,6.49,0.45,17.58,15.25,6.18,57.00,39.27,12.08,14.49,18.69,41.69,9.39,1.94,69.63,16.60,16.47,7.94,0.35,0.42,0.15,61.26,0.88,0.08,0.00,10.56,21.75,11.19,16.78,0.30,0.02,21172.00,6430.00,14742.00,7319.00,0.00,0.00,3908.00,3515.00,35.00,-64.00,-29.00,-234.00,0.00,3252.00,236.00,-7.26,3488.00,0.00,3488.00,0.00,5.80,5.79,594.00,1218.00,4534.00,1495.00,1778.00,3273.00,0.00,0.00,662.00,662.00,0.00,0.00,0.00,0.00,420.00,420.00,460.00,4815.00,0.00,0.00,0.00,4399.00,1543.00,28229.00,-9690.00,18539.00,1383.00,970.00,373.00,25110.00,186.00,203.00,931.00,1777.00,3097.00,348.00,0.00,0.00,0.00,3460.00,6905.00,3320.00,94.00,3320.00,275.00,2595.00,0.00,1585.00,14680.00,808.00,0.00,14621.00,12.00,1451.00,-6462.00,10430.00,0.00,3488.00,-102.00,0.00,0.00,246.00,228.00,-1212.00,0.00,0.00,208.00,3930.00,-126.00,0.00,0.00,0.00,-2380.00,2220.00,0.00,0.00,-2123.00,-2409.00,0.00,-1600.00,0.00,8.00,-274.00,160.00,-1706.00,-185.00,-2249.00,1681.00,9.84,17.98,3.24,3.74,20.65,8.78,1.62,0.00,0.00,0.00,0.00,0.00,0.00,0.00,0.00,0.00,0.00,0.00,0.00,-21.84,0.00,0.00,0.00,0.00,0.00,0.00,0.00,0.00,0.00,0.00,0.70,0.64,54.92,0.00,0.00,0.00,0.00,0.00,0.00,0.00,0.00,0.00,0.00,0.00,0.00,0.00,0.00,0.58,0.74
5,LUV,Q,Dec16,8.21,1.85,1.34,0.85,0.85,3.95,-0.01,1.15,0.10,13.72,11.45,5.51,49.84,25.33,6.98,9.01,19.65,26.56,7.77,1.92,69.60,16.65,10.29,-0.08,0.40,0.36,0.15,60.99,0.22,0.12,0.00,8.16,19.75,11.59,4.62,0.30,0.07,5075.00,1543.00,3532.00,1709.00,0.00,0.00,978.00,845.00,7.00,-16.00,-9.00,-27.00,0.00,809.00,-287.00,35.48,522.00,0.00,522.00,0.00,0.85,0.85,618.00,318.00,1143.00,1680.00,1625.00,3305.00,0.00,0.00,546.00,546.00,0.00,0.00,0.00,0.00,337.00,337.00,310.00,4498.00,0.00,0.00,0.00,0.00,0.00,26464.00,-9420.00,17044.00,1396.00,970.00,348.00,23286.00,138.00,184.00,856.00,1985.00,3163.00,566.00,0.00,0.00,0.00,3115.00,6844.00,2821.00,0.00,2821.00,256.00,3578.00,0.00,1346.00,14845.00,808.00,0.00,11418.00,-323.00,1410.00,-4872.00,8441.00,0.00,522.00,305.00,0.00,0.00,-46.00,-360.00,60.00,0.00,0.00,169.00,709.00,-39.00,0.00,0.00,0.00,-718.00,592.00,0.00,0.00,-674.00,-839.00,0.00,-300.00,0.00,95.00,0.00,49.00,-156.00,-286.00,-713.00,-4.00,0.00,12.62,3.63,4.35,-4984.00,43.34,6.07,0.00,0.00,0.00,0.00,0.00,0.00,0.00,0.00,0.00,0.00,0.00,0.00,-21.03,0.00,0.00,0.00,0.00,0.00,0.00,0.00,0.00,0.00,0.00,0.66,0.61,52.81,0.00,0.00,0.00,0.00,0.00,0.00,0.00,0.00,0.00,0.00,0.00,0.00,0.00,0.00,0.64,0.66
6,LUV,Q,Mar17,7.95,1.45,0.93,0.57,0.57,3.53,1.89,2.65,0.10,13.57,11.27,5.07,53.76,16.87,4.26,5.97,13.31,20.48,8.99,2.23,68.63,13.48,7.19,23.80,0.37,0.35,0.13,56.98,0.21,0.18,0.00,10.78,20.64,9.86,4.42,0.31,0.07,4883.00,1532.00,3351.00,1733.00,0.00,0.00,960.00,658.00,7.00,-18.00,-11.00,-94.00,0.00,553.00,-202.00,36.53,351.00,0.00,351.00,0.00,0.57,0.57,614.00,318.00,889.00,1851.00,1631.00,3482.00,0.00,0.00,585.00,585.00,0.00,0.00,0.00,0.00,356.00,356.00,235.00,4658.00,0.00,0.00,0.00,3908.00,1319.00,26783.00,-9497.00,17286.00,1393.00,970.00,426.00,23763.00,181.00,425.00,753.00,1802.00,3161.00,285.00,0.00,0.00,0.00,4012.00,7458.00,2781.00,0.00,2781.00,261.00,3637.00,0.00,1422.00,15559.00,808.00,0.00,11708.00,-312.00,1419.00,-5419.00,8204.00,0.00,351.00,-35.00,0.00,0.00,93.00,874.00,62.00,0.00,0.00,20.00,1625.00,-49.00,0.00,0.00,0.00,-563.00,556.00,0.00,0.00,-414.00,-470.00,0.00,-550.00,0.00,-369.00,-123.00,58.00,-984.00,171.00,-463.00,1162.00,0.00,15.23,3.96,4.77,28.44,20.29,6.76,0.00,0.00,0.00,0.00,0.00,0.00,0.00,0.00,0.00,0.00,0.00,0.00,-22.04,0.00,0.00,0.00,0.00,0.00,0.00,0.00,0.00,0.00,0.00,0.62,0.58,36.56,0.00,0.00,0.00,0.00,0.00,0.00,0.00,0.00,0.00,0.00,0.00,0.00,0.00,0.00,0.65,0.64
7,LUV,Q,Jun17,9.49,2.48,1.96,1.23,1.23,3.18,0.25,1.23,0.10,14.11,11.81,5.29,62.14,35.66,8.10,12.52,27.09,38.96,8.94,1.79,71.69,21.76,12.99,2.58,0.38,0.36,0.13,69.09,0.24,0.08,0.00,9.60,20.23,10.63,4.51,0.28,0.06,5744.00,1626.00,4118.00,1867.00,0.00,0.00,1001.00,1250.00,8.00,-14.00,-6.00,-74.00,0.00,1170.00,-424.00,36.24,746.00,0.00,746.00,0.00,1.24,1.23,605.00,319.00,1503.00,1537.00,1615.00,3152.00,0.00,0.00,576.00,576.00,0.00,0.00,0.00,0.00,365.00,365.00,250.00,4343.00,0.00,0.00,0.00,4085.00,1404.00,27202.00,-9523.00,17679.00,1389.00,970.00,510.00,23921.00,171.00,400.00,780.00,1427.00,2778.00,307.00,0.00,0.00,0.00,4012.00,7097.00,2788.00,104.00,2892.00,267.00,3758.00,0.00,1377.00,15391.00,808.00,0.00,12378.00,-263.00,1422.00,-5815.00,8530.00,0.00,746.00,12.00,0.00,0.00,-338.00,-444.00,69.00,0.00,0.00,56.00,746.00,-47.00,0.00,0.00,0.00,-559.00,573.00,0.00,0.00,-551.00,-584.00,0.00,-400.00,0.00,-59.00,-76.00,59.00,-476.00,-314.00,-598.00,148.00,0.00,19.54,4.40,5.26,248.56,50.52,6.55,0.00,0.00,0.00,0.00,0.00,0.00,0.00,0.00,0.00,0.00,0.00,0.00,-22.60,0.00,0.00,0.00,0.00,0.00,0.00,0.00,0.00,0.00,0.00,0.61,0.56,89.29,0.00,0.00,0.00,0.00,0.00,0.00,0.00,0.00,0.00,0.00,0.00,0.00,0.00,0.00,0.64,0.64
8,LUV,Q,Sep17,8.81,1.85,1.34,0.84,0.84,3.10,0.57,1.67,0.13,14.80,12.47,5.34,55.98,23.22,6.14,8.35,17.95,24.23,8.74,1.63,68.87,15.82,9.54,6.47,0.36,0.36,0.13,60.29,0.22,0.15,0.00,9.18,22.33,13.15,4.09,0.31,0.08,5271.00,1641.00,3630.00,1795.00,0.00,0.00,1001.00,834.00,9.00,-13.00,-4.00,-39.00,0.00,791.00,-288.00,36.41,503.00,0.00,503.00,0.00,0.84,0.84,598.00,302.00,1106.00,1460.00,1580.00,3040.00,0.00,0.00,579.00,579.00,0.00,0.00,0.00,0.00,438.00,438.00,223.00,4280.00,0.00,0.00,0.00,4219.00,1460.00,27801.00,-9645.00,18156.00,1386.00,970.00,427.00,24249.00,165.00,259.00,779.00,1514.00,2717.00,316.00,0.00,0.00,0.00,3932.00,6965.00,2763.00,94.00,2857.00,274.00,3922.00,0.00,1431.00,15449.00,808.00,0.00,12806.00,-136.00,1436.00,-6114.00,8800.00,0.00,503.00,0.00,0.00,0.00,89.00,-55.00,82.00,0.00,0.00,164.00,996.00,-17.00,0.00,0.00,0.00,-531.00,566.00,0.00,0.00,-638.00,-620.00,0.00,-300.00,0.00,-106.00,-75.00,28.00,-453.00,-77.00,-655.00,341.00,0.00,18.06,3.78,4.49,98.21,33.52,6.35,0.00,0.00,0.00,0.00,0.00,0.00,0.00,0.00,0.00,0.00,0.00,0.00,-23.03,0.00,0.00,0.00,0.00,0.00,0.00,0.00,0.00,0.00,0.00,0.61,0.55,64.15,0.00,0.00,0.00,0.00,0.00,0.00,0.00,0.00,0.00,0.00,0.00,0.00,0.00,0.00,0.64,0.64
9,LUV,Q,Dec17,8.88,1.74,1.27,3.15,3.15,3.17,0.05,0.95,0.13,17.58,15.25,6.18,65.45,78.54,21.11,30.60,16.50,80.07,8.58,2.22,69.07,14.66,35.80,0.57,0.35,0.42,0.15,59.04,0.21,0.04,0.00,10.41,24.00,13.59,3.80,0.31,0.08,5274.00,1631.00,3643.00,1924.00,0.00,0.00,946.00,773.00,11.00,-19.00,-8.00,-27.00,0.00,738.00,1150.00,-155.83,1888.00,0.00,1888.00,0.00,3.15,3.15,594.00,279.00,1036.00,1495.00,1778.00,3273.00,0.00,0.00,662.00,662.00,0.00,0.00,0.00,0.00,420.00,420.00,460.00,4815.00,0.00,0.00,0.00,4399.00,1543.00,28229.00,-9690.00,18539.00,1383.00,970.00,373.00,25110.00,186.00,203.00,931.00,1777.00,3097.00,348.00,0.00,0.00,0.00,3460.00,6905.00,3320.00,0.00,3320.00,275.00,2595.00,0.00,1585.00,14680.00,808.00,0.00,14621.00,12.00,1451.00,-6462.00,10430.00,0.00,1888.00,-79.00,0.00,0.00,402.00,-147.00,-1425.00,0.00,0.00,-32.00,563.00,-13.00,0.00,0.00,0.00,-727.00,525.00,0.00,0.00,-520.00,-735.00,0.00,-350.00,0.00,542.00,0.00,15.00,207.00,35.00,-533.00,30.00,0.00,20.65,3.72,4.29,1309.00,68.89,7.37,0.00,0.00,0.00,0.00,0.00,0.00,0.00,0.00,0.00,0.00,0.00,0.00,-21.84,0.00,0.00,0.00,0.00,0.00,0.00,0.00,0.00,0.00,0.00,0.70,0.64,40.68,0.00,0.00,0.00,0.00,0.00,0.00,0.00,0.00,0.00,0.00,0.00,0.00,0.00,0.00,0.58,0.74
0,JBLU,A,Dec14,16.94,3.15,2.21,1.19,1.19,1.97,0.53,2.66,0.00,8.16,8.16,7.21,15.86,17.20,8.87,5.28,12.91,8.14,4.58,5.56,52.29,8.85,6.89,3.13,0.88,0.32,0.29,40.06,0.77,0.00,0.00,27.36,6.18,-21.18,59.04,0.48,0.01,5817.00,2775.00,3042.00,1525.00,0.00,0.00,1002.00,515.00,1.00,-134.00,-133.00,241.00,0.00,623.00,-222.00,35.63,401.00,0.00,401.00,0.00,1.36,1.19,343.30,325.00,1082.00,341.00,367.00,708.00,0.00,0.00,136.00,136.00,0.00,0.00,0.00,0.00,46.00,46.00,310.00,1200.00,60.00,0.00,0.00,0.00,561.00,7817.00,-1745.00,6072.00,0.00,0.00,507.00,7839.00,208.00,0.00,0.00,490.00,698.00,265.00,0.00,0.00,0.00,973.00,1936.00,0.00,0.00,1968.00,0.00,832.00,0.00,574.00,5310.00,4.00,0.00,1002.00,-63.00,1711.00,-125.00,2529.00,0.00,401.00,1.00,3.00,0.00,68.00,220.00,212.00,20.00,0.00,-266.00,912.00,-127.00,0.00,0.00,393.00,-696.00,777.00,0.00,0.00,-726.00,-379.00,41.00,-82.00,0.00,-360.00,0.00,-16.00,-417.00,116.00,-730.00,182.00,13.33,8.05,1.94,1.94,29.92,5.96,0.94,0.00,0.00,0.00,0.00,0.00,0.00,0.00,0.00,0.00,0.00,0.00,0.00,-14.41,0.00,0.00,0.00,0.00,0.00,0.00,0.00,0.00,0.00,0.00,0.62,0.60,3.84,0.00,0.00,0.00,0.00,0.00,0.00,0.00,0.00,0.00,0.00,0.00,0.00,0.00,0.00,0.68,0.42
1,JBLU,A,Dec15,18.61,4.53,3.53,1.98,1.98,2.90,2.21,4.64,0.00,9.97,9.97,5.67,22.65,23.59,10.39,8.21,19.13,18.27,5.37,5.91,64.12,18.95,10.55,11.86,0.57,0.37,0.21,49.92,0.78,0.00,0.00,32.50,7.14,-25.36,51.16,0.36,0.01,6416.00,2302.00,4114.00,1804.00,0.00,0.00,1094.00,1216.00,1.00,-120.00,-119.00,0.00,0.00,1097.00,-420.00,38.29,677.00,0.00,677.00,0.00,2.15,1.98,344.80,345.00,1562.00,318.00,558.00,876.00,0.00,0.00,136.00,136.00,0.00,0.00,0.00,0.00,44.00,44.00,317.00,1373.00,49.00,0.00,0.00,0.00,561.00,8679.00,-2027.00,6652.00,0.00,0.00,570.00,8644.00,205.00,0.00,0.00,569.00,774.00,448.00,0.00,0.00,0.00,1053.00,2275.00,0.00,0.00,1379.00,0.00,1218.00,0.00,562.00,5434.00,4.00,0.00,1679.00,-3.00,1896.00,-366.00,3210.00,0.00,677.00,11.00,-5.00,0.00,64.00,150.00,377.00,20.00,0.00,29.00,1598.00,-104.00,0.00,0.00,0.00,-742.00,555.00,0.00,0.00,-843.00,-1134.00,84.00,-241.00,0.00,-328.00,0.00,-2.00,-487.00,-23.00,-837.00,761.00,11.44,7.81,2.27,2.27,10.25,4.88,1.22,0.00,0.00,0.00,0.00,0.00,0.00,0.00,0.00,0.00,0.00,0.00,0.00,-14.77,0.00,0.00,0.00,0.00,0.00,0.00,0.00,0.00,0.00,0.00,0.60,0.58,10.13,0.00,0.00,0.00,0.00,0.00,0.00,0.00,0.00,0.00,0.00,0.00,0.00,0.00,0.00,0.63,0.48
2,JBLU,A,Dec16,19.38,5.00,3.85,2.22,2.22,2.95,2.29,4.77,0.00,11.91,11.91,4.11,22.42,21.02,11.18,8.45,18.95,19.07,5.52,6.42,68.28,19.78,11.44,11.79,0.35,0.43,0.15,50.40,0.74,0.00,0.00,41.98,7.89,-34.09,46.24,0.32,0.01,6632.00,2104.00,4528.00,1957.00,0.00,0.00,1259.00,1312.00,7.00,-103.00,-96.00,0.00,0.00,1216.00,-457.00,37.58,759.00,0.00,759.00,0.00,2.32,2.22,342.20,393.00,1712.00,433.00,538.00,971.00,0.00,0.00,172.00,172.00,0.00,0.00,0.00,0.00,47.00,47.00,213.00,1403.00,90.00,0.00,0.00,0.00,561.00,9624.00,-2353.00,7271.00,0.00,0.00,559.00,9323.00,242.00,0.00,0.00,663.00,905.00,189.00,0.00,0.00,0.00,1120.00,2214.00,0.00,0.00,1195.00,0.00,1354.00,0.00,547.00,5310.00,4.00,0.00,2446.00,13.00,2050.00,-500.00,4013.00,0.00,759.00,-21.00,1.00,0.00,157.00,204.00,270.00,23.00,0.00,-17.00,1632.00,-850.00,0.00,0.00,0.00,-873.00,850.00,0.00,0.00,-172.00,-1045.00,45.00,-134.00,0.00,-368.00,0.00,-15.00,-472.00,115.00,-850.00,782.00,10.10,7.60,1.88,1.88,9.79,4.70,1.16,0.00,0.00,0.00,0.00,0.00,0.00,0.00,0.00,0.00,0.00,0.00,0.00,-14.18,0.00,0.00,0.00,0.00,0.00,0.00,0.00,0.00,0.00,0.00,0.63,0.61,12.74,0.00,0.00,0.00,0.00,0.00,0.00,0.00,0.00,0.00,0.00,0.00,0.00,0.00,0.00,0.57,0.55
3,JBLU,A,Dec17,21.23,4.40,3.05,3.47,3.47,2.29,0.98,4.23,0.00,15.08,15.08,3.74,22.34,25.93,17.52,12.01,13.13,25.50,3.57,6.58,64.62,14.26,16.35,4.62,0.25,0.49,0.12,47.46,0.73,0.00,0.00,55.59,7.50,-48.09,48.67,0.35,0.01,7015.00,2482.00,4533.00,2154.00,0.00,0.00,1379.00,1000.00,6.00,-85.00,-79.00,0.00,0.00,921.00,226.00,-24.54,1147.00,0.00,1147.00,0.00,3.49,3.47,330.40,446.00,1452.00,303.00,390.00,693.00,0.00,0.00,245.00,245.00,0.00,0.00,0.00,0.00,55.00,55.00,213.00,1206.00,2.00,0.00,0.00,0.00,561.00,10786.00,-2737.00,8049.00,0.00,0.00,524.00,9781.00,378.00,0.00,0.00,606.00,984.00,196.00,0.00,0.00,0.00,1215.00,2395.00,0.00,0.00,1003.00,0.00,1033.00,0.00,516.00,4947.00,4.00,0.00,3593.00,0.00,2127.00,-890.00,4834.00,0.00,1147.00,-50.00,15.00,0.00,53.00,113.00,-313.00,29.00,0.00,-24.00,1398.00,-1074.00,0.00,0.00,0.00,-452.00,688.00,0.00,0.00,-137.00,-975.00,47.00,-390.00,0.00,-194.00,0.00,-16.00,-553.00,-130.00,-1074.00,324.00,6.44,9.76,1.48,1.48,22.80,5.28,1.05,0.00,0.00,0.00,0.00,0.00,0.00,0.00,0.00,0.00,0.00,0.00,0.00,-13.97,0.00,0.00,0.00,0.00,0.00,0.00,0.00,0.00,0.00,0.00,0.50,0.48,11.76,0.00,0.00,0.00,0.00,0.00,0.00,0.00,0.00,0.00,0.00,0.00,0.00,0.00,0.00,0.51,0.60
4,JBLU,A,TTM,21.24,4.40,3.05,3.48,3.48,2.29,0.96,4.22,0.00,15.08,15.08,3.74,21.27,27.23,19.31,11.99,13.18,27.41,3.42,6.56,64.60,14.26,16.35,4.62,0.25,0.49,0.12,47.39,0.73,0.00,0.00,55.57,3.00,-52.57,121.72,0.35,0.00,7015.00,2483.00,4532.00,2154.00,0.00,0.00,1378.00,1000.00,6.00,-85.00,-79.00,0.00,0.00,921.00,226.00,-24.54,1147.00,0.00,1147.00,0.00,3.49,3.48,324.40,446.00,1452.00,303.00,390.00,693.00,0.00,0.00,245.00,245.00,0.00,0.00,0.00,0.00,55.00,55.00,213.00,1206.00,2.00,0.00,0.00,0.00,561.00,10786.00,-2737.00,8049.00,0.00,0.00,524.00,9781.00,378.00,0.00,0.00,606.00,984.00,196.00,0.00,0.00,0.00,1215.00,2395.00,0.00,0.00,1003.00,0.00,1033.00,0.00,516.00,4947.00,4.00,0.00,3593.00,4.00,2127.00,-890.00,4834.00,0.00,1147.00,0.00,0.00,0.00,0.00,113.00,-313.00,29.00,0.00,-25.00,1398.00,-1074.00,0.00,0.00,0.00,-452.00,688.00,0.00,0.00,-137.00,-975.00,47.00,-510.00,0.00,-194.00,0.00,-16.00,-553.00,-130.00,-1074.00,324.00,6.11,9.29,1.41,1.41,22.16,5.04,1.00,0.00,0.00,0.00,0.00,0.00,0.00,0.00,0.00,0.00,0.00,0.00,0.00,-14.23,0.00,0.00,0.00,0.00,0.00,0.00,0.00,0.00,0.00,0.00,0.50,0.48,11.76,0.00,0.00,0.00,0.00,0.00,0.00,0.00,0.00,0.00,0.00,0.00,0.00,0.00,0.00,0.51,0.60
5,JBLU,Q,Dec16,4.81,1.18,0.87,0.50,0.50,2.95,-0.16,0.92,0.00,11.91,11.91,4.11,22.42,17.51,9.31,7.28,16.76,17.47,5.52,6.25,67.40,18.04,10.48,-3.35,0.35,0.43,0.15,46.81,0.17,0.00,0.00,41.28,4.01,-37.27,22.77,0.33,0.01,1641.00,535.00,1106.00,490.00,0.00,0.00,320.00,296.00,2.00,-24.00,-22.00,0.00,0.00,274.00,-102.00,37.23,172.00,0.00,172.00,0.00,0.51,0.50,341.00,104.00,402.00,433.00,538.00,971.00,0.00,0.00,172.00,172.00,0.00,0.00,0.00,0.00,47.00,47.00,213.00,1403.00,90.00,0.00,0.00,0.00,561.00,9624.00,-2353.00,7271.00,0.00,0.00,559.00,9323.00,242.00,0.00,0.00,663.00,905.00,189.00,0.00,0.00,0.00,1120.00,2214.00,0.00,0.00,1195.00,0.00,1354.00,0.00,547.00,5310.00,4.00,0.00,2446.00,13.00,2050.00,-500.00,4013.00,0.00,172.00,0.00,0.00,0.00,0.00,-31.00,66.00,5.00,0.00,-1.00,315.00,-370.00,0.00,0.00,0.00,-215.00,223.00,0.00,0.00,-53.00,-415.00,19.00,-120.00,0.00,-220.00,0.00,-19.00,-340.00,-440.00,-370.00,-55.00,0.00,7.60,1.88,1.88,-140.12,24.37,4.66,0.00,0.00,0.00,0.00,0.00,0.00,0.00,0.00,0.00,0.00,0.00,0.00,-14.23,0.00,0.00,0.00,0.00,0.00,0.00,0.00,0.00,0.00,0.00,0.63,0.61,12.33,0.00,0.00,0.00,0.00,0.00,0.00,0.00,0.00,0.00,0.00,0.00,0.00,0.00,0.00,0.57,0.55
6,JBLU,Q,Mar17,4.74,0.75,0.44,0.25,0.25,2.45,0.55,1.28,0.00,11.96,11.96,4.01,20.61,8.49,4.94,3.62,8.09,9.11,5.43,6.76,62.84,9.16,5.30,11.66,0.34,0.42,0.14,42.90,0.17,0.00,0.00,41.34,3.60,-37.74,25.36,0.37,0.02,1604.00,596.00,1008.00,526.00,0.00,0.00,335.00,147.00,2.00,-23.00,-21.00,0.00,0.00,126.00,-41.00,32.54,85.00,0.00,85.00,0.00,0.25,0.25,338.20,105.00,254.00,438.00,608.00,1046.00,0.00,0.00,169.00,169.00,0.00,0.00,0.00,0.00,0.00,0.00,254.00,1469.00,0.00,0.00,0.00,0.00,561.00,9904.00,-2446.00,7458.00,0.00,0.00,546.00,9473.00,270.00,0.00,0.00,620.00,890.00,197.00,0.00,0.00,0.00,1335.00,2422.00,0.00,0.00,1140.00,0.00,1379.00,0.00,540.00,5481.00,4.00,0.00,2532.00,5.00,2041.00,-590.00,3992.00,0.00,85.00,0.00,0.00,0.00,0.00,202.00,30.00,9.00,0.00,1.00,432.00,-245.00,0.00,0.00,0.00,-168.00,188.00,0.00,0.00,-42.00,-267.00,2.00,-109.00,0.00,-49.00,0.00,-4.00,-160.00,5.00,-245.00,187.00,0.00,8.41,1.72,1.72,37.47,16.10,4.35,0.00,0.00,0.00,0.00,0.00,0.00,0.00,0.00,0.00,0.00,0.00,0.00,-14.91,0.00,0.00,0.00,0.00,0.00,0.00,0.00,0.00,0.00,0.00,0.61,0.61,6.39,0.00,0.00,0.00,0.00,0.00,0.00,0.00,0.00,0.00,0.00,0.00,0.00,0.00,0.00,0.58,0.54
7,JBLU,Q,Jun17,5.56,1.40,1.07,0.64,0.64,2.60,0.50,1.33,0.00,12.41,12.41,3.97,22.83,20.91,11.36,8.83,18.75,20.81,4.83,6.66,66.56,19.22,11.45,9.01,0.32,0.42,0.14,51.31,0.19,0.00,0.00,43.55,0.00,-43.55,0.00,0.33,0.00,1842.00,616.00,1226.00,532.00,0.00,0.00,340.00,354.00,0.00,-22.00,-22.00,0.00,0.00,332.00,-121.00,36.45,211.00,0.00,211.00,0.00,0.64,0.64,331.50,109.00,463.00,550.00,470.00,1020.00,0.00,0.00,178.00,178.00,0.00,0.00,0.00,0.00,0.00,0.00,251.00,1449.00,0.00,0.00,0.00,0.00,561.00,10186.00,-2536.00,7650.00,0.00,0.00,545.00,9644.00,294.00,0.00,0.00,625.00,919.00,228.00,0.00,0.00,0.00,1351.00,2498.00,0.00,0.00,1077.00,0.00,1457.00,0.00,532.00,5564.00,4.00,0.00,2742.00,0.00,2063.00,-729.00,4080.00,0.00,211.00,0.00,0.00,0.00,0.00,53.00,81.00,7.00,0.00,-21.00,440.00,-274.00,0.00,0.00,0.00,-49.00,187.00,0.00,0.00,-28.00,-164.00,26.00,-151.00,0.00,-35.00,0.00,-4.00,-164.00,112.00,-274.00,166.00,0.00,8.78,1.84,1.84,45.66,17.17,4.11,0.00,0.00,0.00,0.00,0.00,0.00,0.00,0.00,0.00,0.00,0.00,0.00,-15.13,0.00,0.00,0.00,0.00,0.00,0.00,0.00,0.00,0.00,0.00,0.58,0.58,16.09,0.00,0.00,0.00,0.00,0.00,0.00,0.00,0.00,0.00,0.00,0.00,0.00,0.00,0.00,0.58,0.53
8,JBLU,Q,Sep17,5.53,1.30,0.96,0.55,0.55,2.20,0.02,0.59,0.00,12.91,12.91,3.91,18.51,17.42,12.18,7.44,16.27,16.94,3.46,6.25,65.47,17.10,9.87,0.44,0.30,0.43,0.13,49.36,0.19,0.00,0.00,43.00,0.00,-43.00,0.00,0.35,0.00,1813.00,626.00,1187.00,534.00,0.00,0.00,343.00,310.00,3.00,-20.00,-17.00,0.00,0.00,293.00,-114.00,38.91,179.00,0.00,179.00,0.00,0.55,0.55,327.80,114.00,427.00,394.00,420.00,814.00,0.00,0.00,186.00,186.00,0.00,0.00,0.00,0.00,0.00,0.00,323.00,1323.00,0.00,0.00,0.00,0.00,561.00,10377.00,-2635.00,7742.00,0.00,0.00,531.00,9596.00,295.00,0.00,0.00,570.00,865.00,224.00,0.00,0.00,0.00,1262.00,2351.00,0.00,0.00,1031.00,0.00,1555.00,0.00,520.00,5457.00,4.00,0.00,2921.00,4.00,2100.00,-890.00,4139.00,0.00,179.00,0.00,0.00,0.00,0.00,-197.00,96.00,6.00,0.00,-4.00,194.00,-186.00,0.00,0.00,0.00,-98.00,148.00,0.00,0.00,-26.00,-162.00,0.00,-130.00,0.00,-54.00,0.00,-4.00,-188.00,-156.00,-186.00,8.00,0.00,8.41,1.43,1.43,925.50,31.37,3.35,0.00,0.00,0.00,0.00,0.00,0.00,0.00,0.00,0.00,0.00,0.00,0.00,-15.45,0.00,0.00,0.00,0.00,0.00,0.00,0.00,0.00,0.00,0.00,0.56,0.56,15.50,0.00,0.00,0.00,0.00,0.00,0.00,0.00,0.00,0.00,0.00,0.00,0.00,0.00,0.00,0.57,0.53
9,JBLU,Q,Dec17,5.41,0.95,0.59,2.04,2.04,2.29,-0.11,1.02,0.00,15.08,15.08,3.74,22.34,59.91,40.48,27.74,9.63,60.25,3.57,6.52,63.27,10.76,38.27,-2.11,0.25,0.49,0.12,45.87,0.18,0.00,0.00,53.48,3.89,-49.59,23.45,0.37,0.02,1756.00,645.00,1111.00,562.00,0.00,0.00,360.00,189.00,1.00,-20.00,-19.00,0.00,0.00,170.00,502.00,-295.29,672.00,0.00,672.00,0.00,2.05,2.04,324.40,118.00,308.00,303.00,390.00,693.00,0.00,0.00,245.00,245.00,0.00,0.00,0.00,0.00,55.00,55.00,213.00,1206.00,2.00,0.00,0.00,0.00,561.00,10786.00,-2737.00,8049.00,0.00,0.00,524.00,9781.00,378.00,0.00,0.00,606.00,984.00,196.00,0.00,0.00,0.00,1215.00,2395.00,0.00,0.00,1003.00,0.00,1033.00,0.00,516.00,4947.00,4.00,0.00,3593.00,0.00,2127.00,-890.00,4834.00,0.00,672.00,0.00,0.00,0.00,0.00,55.00,-520.00,7.00,0.00,0.00,332.00,-369.00,0.00,0.00,0.00,-137.00,165.00,0.00,0.00,-41.00,-382.00,19.00,0.00,0.00,-56.00,0.00,-4.00,-41.00,-91.00,-369.00,-37.00,0.00,9.76,1.48,1.48,-203.09,21.90,4.13,0.00,0.00,0.00,0.00,0.00,0.00,0.00,0.00,0.00,0.00,0.00,0.00,-14.23,0.00,0.00,0.00,0.00,0.00,0.00,0.00,0.00,0.00,0.00,0.50,0.48,9.45,0.00,0.00,0.00,0.00,0.00,0.00,0.00,0.00,0.00,0.00,0.00,0.00,0.00,0.00,0.51,0.60
0,SAVE,A,Dec14,26.67,5.52,4.87,3.08,3.08,2.86,1.02,3.62,0.00,13.78,13.78,2.00,75.58,25.44,4.64,16.26,270.51,60.15,12.56,0.00,48.86,18.39,11.67,3.83,0.15,0.63,0.09,68.06,1.39,0.00,4.29,4.95,0.00,-0.66,0.51,0.00,1932.00,988.00,944.00,48.86,0.00,0.00,200.00,355.00,18.39,0.00,0.00,-3.00,0.00,353.00,-128.00,36.13,225.00,0.00,225.00,11.67,3.10,3.08,72.40,47.00,400.00,633.00,0.00,633.00,23.00,0.00,0.00,23.00,0.00,0.00,0.00,0.00,0.00,0.00,66.00,721.00,0.00,0.00,0.00,57.00,0.00,261.00,-36.00,225.00,0.00,0.00,646.00,1593.00,13.00,43.00,0.00,36.00,92.00,10.00,0.00,0.00,0.00,263.00,366.00,135.00,0.00,135.00,0.15,89.00,0.00,0.00,590.00,0.00,0.00,482.00,-1.00,526.00,-4.00,1003.00,0.63,225.00,47.00,0.00,0.00,-10.00,-56.00,34.00,9.00,0.00,3.00,262.00,-187.00,0.00,0.00,0.00,0.00,0.00,0.00,0.00,-117.00,-304.00,0.00,-2.00,0.00,147.00,0.00,-1.00,144.00,102.00,-188.00,74.00,0.00,24.54,26.43,5.48,5.48,74.10,20.88,2.83,0.00,0.00,0.00,0.00,0.00,0.00,0.00,0.00,0.00,0.00,0.00,0.00,-9.55,0.00,0.00,0.00,0.00,0.00,0.00,0.00,0.00,0.00,0.00,0.00,-0.49,,0.00,0.00,0.00,0.00,0.00,0.00,0.00,0.00,0.00,0.00,0.00,0.00,0.00,0.00,0.00,
1,SAVE,A,Dec15,29.57,8.08,7.06,4.38,4.38,4.26,-1.19,6.53,0.00,17.13,17.13,9.04,39.85,28.47,12.22,15.39,95.59,40.59,8.55,2.23,58.70,23.77,14.81,-4.01,0.53,0.48,0.26,60.97,1.04,0.00,4.82,7.03,0.00,-2.21,0.41,0.00,2141.00,885.00,1257.00,58.70,0.00,0.00,284.00,509.00,23.77,-9.00,-7.00,0.00,0.00,502.00,-185.00,36.86,317.00,0.00,317.00,14.81,4.39,4.38,72.40,74.00,585.00,804.00,0.00,804.00,28.00,0.00,0.00,28.00,0.00,0.00,0.00,0.00,0.00,0.00,194.00,1026.00,0.00,0.00,0.00,75.00,0.00,910.00,-66.00,844.00,0.00,0.00,660.00,2531.00,17.00,38.00,0.00,46.00,102.00,50.00,0.00,0.00,0.00,315.00,466.00,597.00,0.00,597.00,0.53,242.00,0.00,-0.00,1305.00,0.00,0.00,799.00,-2.00,544.00,-116.00,1225.00,0.48,317.00,74.00,0.00,-72.00,3.00,-88.00,156.00,9.00,0.00,5.00,473.00,-549.00,0.00,0.00,0.00,0.00,0.00,0.00,0.00,-152.00,-701.00,0.00,-112.00,0.00,510.00,0.00,1.00,399.00,171.00,-559.00,-86.00,0.00,9.10,9.35,2.33,2.33,-33.49,6.10,1.35,0.00,0.00,0.00,0.00,0.00,0.00,0.00,0.00,0.00,0.00,0.00,0.00,-9.49,0.00,0.00,0.00,0.00,0.00,0.00,0.00,0.00,0.00,0.00,0.00,-0.32,3.40,0.00,0.00,0.00,0.00,0.00,0.00,0.00,0.00,0.00,0.00,0.00,0.00,0.00,0.00,0.00,
2,SAVE,A,Dec16,32.93,7.79,6.36,3.76,3.76,2.43,-1.11,6.72,0.00,20.12,20.12,14.16,57.86,20.22,7.02,9.32,38.83,21.20,3.59,3.56,61.26,19.11,11.41,-3.37,0.70,0.44,0.31,50.06,0.82,0.00,6.47,6.17,0.00,0.30,0.39,0.00,2322.00,899.00,1422.00,61.26,0.00,0.00,410.00,444.00,19.11,-29.00,-24.00,-1.00,0.00,419.00,-155.00,36.85,265.00,0.00,265.00,11.41,3.77,3.76,70.50,101.00,550.00,701.00,100.00,801.00,41.00,0.00,0.00,41.00,0.00,0.00,0.00,0.00,0.00,0.00,134.00,976.00,0.00,0.00,0.00,126.00,0.00,1588.00,-123.00,1465.00,0.00,0.00,711.00,3152.00,15.00,42.00,-0.00,63.00,120.00,84.00,0.00,0.00,0.00,327.00,532.00,897.00,0.00,897.00,0.70,328.00,0.00,-0.00,1757.00,0.00,0.00,1064.00,-1.00,551.00,-219.00,1395.00,0.44,265.00,101.00,0.00,72.00,-7.00,-33.00,86.00,7.00,0.00,48.00,474.00,-541.00,0.00,0.00,0.00,-103.00,3.00,0.00,0.00,-185.00,-826.00,0.00,-103.00,0.00,353.00,0.00,0.00,250.00,-103.00,-552.00,-78.00,0.00,15.39,23.81,2.88,2.88,-52.13,8.61,1.76,0.00,0.00,0.00,0.00,0.00,0.00,0.00,0.00,0.00,0.00,0.00,0.00,-8.88,0.00,0.00,0.00,0.00,0.00,0.00,0.00,0.00,0.00,0.00,0.00,-0.15,0.80,0.00,0.00,0.00,0.00,0.00,0.00,0.00,0.00,0.00,0.00,0.00,0.00,0.00,0.00,0.00,
3,SAVE,A,Dec17,38.16,7.75,5.73,6.06,6.06,0.51,-3.11,6.13,0.00,25.62,25.62,21.67,44.85,26.52,15.15,11.53,21.45,23.39,1.83,3.50,57.98,14.68,15.89,-8.16,0.85,0.43,0.36,42.08,0.73,0.00,6.80,7.49,0.00,-0.69,0.42,0.00,2648.00,1113.00,1535.00,57.98,0.00,0.00,505.00,389.00,14.68,-44.00,-35.00,0.00,0.00,354.00,67.00,-18.93,421.00,0.00,421.00,15.89,6.08,6.06,69.40,140.00,537.00,801.00,101.00,902.00,49.00,0.00,70.00,119.00,0.00,0.00,0.00,0.00,0.00,0.00,259.00,1280.00,0.00,0.00,0.00,155.00,0.00,2446.00,-208.00,2238.00,0.00,0.00,625.00,4144.00,23.00,42.00,0.00,66.00,131.00,115.00,0.00,0.00,0.00,401.00,647.00,1387.00,0.00,1387.00,0.85,332.00,0.00,0.00,2367.00,0.00,0.00,1484.00,-1.00,360.00,-66.00,1777.00,0.43,421.00,140.00,0.00,0.00,6.00,-168.00,-2.00,9.00,0.00,25.00,425.00,-629.00,0.00,0.00,0.00,-107.00,106.00,0.00,0.00,-162.00,-792.00,0.00,-47.00,0.00,527.00,0.00,-14.00,467.00,100.00,-641.00,-216.00,0.00,7.40,87.94,1.75,1.75,-14.42,7.32,1.18,0.00,0.00,0.00,0.00,0.00,0.00,0.00,0.00,0.00,0.00,0.00,0.00,-8.95,0.00,0.00,0.00,0.00,0.00,0.00,0.00,0.00,0.00,0.00,0.00,-0.19,0.42,0.00,0.00,0.00,0.00,0.00,0.00,0.00,0.00,0.00,0.00,0.00,0.00,0.00,0.00,0.00,
4,SAVE,A,TTM,38.17,7.75,5.73,6.06,6.06,0.51,-3.13,6.12,0.00,25.62,25.62,21.67,41.27,27.39,16.80,11.50,21.87,25.30,1.56,3.58,57.98,14.68,15.89,-8.16,0.85,0.43,0.36,41.99,0.72,0.00,6.80,7.49,0.00,-0.69,0.42,0.00,2648.00,1113.00,1535.00,57.98,0.00,0.00,505.00,389.00,14.68,-44.00,-35.00,0.00,0.00,354.00,67.00,-18.93,421.00,0.00,421.00,15.89,6.09,6.06,68.90,140.00,537.00,801.00,101.00,902.00,49.00,0.00,70.00,119.00,0.00,0.00,0.00,0.00,0.00,0.00,259.00,1280.00,0.00,0.00,0.00,155.00,0.00,2446.00,-208.00,2238.00,0.00,0.00,625.00,4144.00,23.00,42.00,0.00,66.00,131.00,115.00,0.00,0.00,0.00,401.00,647.00,1387.00,0.00,1387.00,0.85,332.00,0.00,0.00,2367.00,0.00,0.00,1484.00,-1.00,360.00,-66.00,1777.00,0.43,421.00,140.00,0.00,6.00,6.00,-168.00,-2.00,9.00,0.00,25.00,425.00,-629.00,0.00,0.00,0.00,-107.00,106.00,0.00,0.00,-162.00,-792.00,0.00,-47.00,0.00,527.00,0.00,-14.00,467.00,100.00,-641.00,-216.00,0.00,6.81,80.92,1.61,1.61,-13.19,6.74,1.08,0.00,0.00,0.00,0.00,0.00,0.00,0.00,0.00,0.00,0.00,0.00,0.00,-8.95,0.00,0.00,0.00,0.00,0.00,0.00,0.00,0.00,0.00,0.00,0.00,-0.19,0.42,0.00,0.00,0.00,0.00,0.00,0.00,0.00,0.00,0.00,0.00,0.00,0.00,0.00,0.00,0.00,
5,SAVE,Q,Dec16,8.32,1.64,1.24,0.71,0.71,2.43,-0.92,0.48,0.00,20.12,20.12,14.16,57.86,14.16,4.92,6.18,24.16,14.32,3.59,3.48,58.34,14.75,8.38,-11.04,0.70,0.44,0.31,42.97,0.18,0.00,6.49,5.75,0.00,0.74,0.42,0.00,578.00,241.00,337.00,58.34,0.00,0.00,106.00,85.00,14.75,-9.00,-7.00,0.00,0.00,78.00,-29.00,37.60,48.00,0.00,48.00,8.38,0.71,0.71,69.50,28.00,114.00,701.00,100.00,801.00,41.00,0.00,0.00,41.00,0.00,0.00,0.00,0.00,0.00,0.00,134.00,976.00,0.00,0.00,0.00,126.00,0.00,1588.00,-123.00,1465.00,0.00,0.00,711.00,3152.00,15.00,42.00,-0.00,63.00,120.00,84.00,0.00,0.00,0.00,327.00,532.00,897.00,0.00,897.00,0.70,328.00,0.00,-0.00,1757.00,0.00,0.00,1064.00,-1.00,551.00,-219.00,1395.00,0.44,48.00,28.00,0.00,6.00,0.00,-63.00,9.00,2.00,0.00,11.00,34.00,-94.00,0.00,0.00,0.00,0.00,0.00,0.00,0.00,-69.00,-162.00,0.00,0.00,0.00,4.00,0.00,0.00,4.00,-125.00,-97.00,-64.00,0.00,0.00,23.81,2.88,2.88,-62.89,120.54,6.95,0.00,0.00,0.00,0.00,0.00,0.00,0.00,0.00,0.00,0.00,0.00,0.00,-32.04,0.00,0.00,0.00,0.00,0.00,0.00,0.00,0.00,0.00,0.00,0.00,-0.15,2.11,0.00,0.00,0.00,0.00,0.00,0.00,0.00,0.00,0.00,0.00,0.00,0.00,0.00,0.00,0.00,
6,SAVE,Q,Mar17,8.50,1.33,0.87,0.46,0.46,1.06,0.87,2.50,0.00,20.59,20.59,15.63,53.07,9.05,3.51,3.88,15.82,9.24,2.28,3.44,55.45,10.04,5.40,10.18,0.76,0.42,0.32,39.83,0.18,0.00,7.51,13.71,0.00,-6.20,0.45,0.00,592.00,264.00,328.00,55.45,0.00,0.00,115.00,59.00,10.04,-9.00,-8.00,0.00,0.00,52.00,-20.00,38.38,32.00,0.00,32.00,5.40,0.46,0.46,69.60,32.00,92.00,818.00,100.00,918.00,49.00,0.00,0.00,49.00,0.00,0.00,0.00,0.00,0.00,0.00,179.00,1147.00,0.00,0.00,0.00,136.00,0.00,1745.00,-141.00,1605.00,0.00,0.00,688.00,3439.00,40.00,60.00,0.00,63.00,163.00,93.00,0.00,0.00,0.00,418.00,673.00,992.00,0.00,992.00,0.76,345.00,0.00,0.00,2010.00,0.00,0.00,1096.00,-1.00,554.00,-220.00,1428.00,0.42,32.00,32.00,0.00,-1.00,19.00,79.00,19.00,3.00,0.00,9.00,174.00,-112.00,0.00,0.00,0.00,-24.00,24.00,0.00,0.00,-46.00,-159.00,0.00,-1.00,0.00,105.00,0.00,-2.00,102.00,117.00,-114.00,60.00,0.00,0.00,50.07,2.58,2.58,61.00,21.23,6.24,0.00,0.00,0.00,0.00,0.00,0.00,0.00,0.00,0.00,0.00,0.00,0.00,-28.33,0.00,0.00,0.00,0.00,0.00,0.00,0.00,0.00,0.00,0.00,0.00,-0.18,1.25,0.00,0.00,0.00,0.00,0.00,0.00,0.00,0.00,0.00,0.00,0.00,0.00,0.00,0.00,0.00,
7,SAVE,Q,Jun17,10.09,2.44,1.93,1.12,1.12,1.62,-0.18,2.15,0.00,21.74,21.74,17.08,51.65,21.29,8.95,8.79,31.69,20.16,1.95,3.67,61.60,18.92,11.14,-1.77,0.79,0.41,0.32,48.61,0.20,0.00,6.24,11.24,0.00,-5.00,0.38,0.00,702.00,269.00,432.00,61.60,0.00,0.00,140.00,133.00,18.92,-10.00,-9.00,0.00,0.00,124.00,-46.00,37.01,78.00,0.00,78.00,11.14,1.13,1.12,69.60,35.00,170.00,869.00,100.00,970.00,48.00,0.00,0.00,48.00,0.00,0.00,0.00,0.00,0.00,0.00,213.00,1231.00,0.00,0.00,0.00,141.00,0.00,1951.00,-161.00,1790.00,0.00,0.00,654.00,3674.00,33.00,63.00,0.00,58.00,154.00,95.00,0.00,0.00,0.00,436.00,686.00,1089.00,0.00,1089.00,0.79,391.00,0.00,-0.00,2166.00,0.00,0.00,1174.00,-1.00,556.00,-220.00,1508.00,0.41,78.00,35.00,0.00,-1.00,-3.00,-14.00,45.00,2.00,0.00,3.00,150.00,-157.00,0.00,0.00,0.00,-44.00,44.00,0.00,0.00,-39.00,-197.00,0.00,0.00,0.00,100.00,0.00,-2.00,98.00,51.00,-162.00,-12.00,0.00,0.00,31.88,2.38,2.38,-286.94,24.02,5.12,0.00,0.00,0.00,0.00,0.00,0.00,0.00,0.00,0.00,0.00,0.00,0.00,-27.64,0.00,0.00,0.00,0.00,0.00,0.00,0.00,0.00,0.00,0.00,0.00,-0.20,2.10,0.00,0.00,0.00,0.00,0.00,0.00,0.00,0.00,0.00,0.00,0.00,0.00,0.00,0.00,0.00,
8,SAVE,Q,Sep17,9.89,2.07,1.54,0.87,0.87,0.90,-1.40,0.90,0.00,22.64,22.64,19.03,33.53,15.64,10.57,6.38,22.60,14.49,1.40,3.77,58.33,15.15,8.76,-14.18,0.84,0.41,0.34,42.50,0.18,0.00,6.14,9.87,0.00,-3.73,0.42,0.00,687.00,286.00,401.00,58.33,0.00,0.00,133.00,104.00,15.15,-12.00,-9.00,0.00,0.00,95.00,-35.00,36.50,60.00,0.00,60.00,8.76,0.87,0.87,69.50,37.00,143.00,864.00,101.00,964.00,46.00,0.00,0.00,46.00,0.00,0.00,0.00,0.00,0.00,0.00,234.00,1245.00,0.00,0.00,0.00,148.00,0.00,2166.00,-183.00,1983.00,0.00,0.00,643.00,3871.00,31.00,44.00,0.00,66.00,141.00,106.00,0.00,0.00,0.00,416.00,663.00,1214.00,0.00,1214.00,0.84,423.00,0.00,0.00,2300.00,0.00,0.00,1234.00,-1.00,558.00,-220.00,1571.00,0.41,60.00,37.00,0.00,1.00,-3.00,-80.00,33.00,2.00,0.00,10.00,63.00,-159.00,0.00,0.00,0.00,-28.00,28.00,0.00,0.00,-44.00,-203.00,0.00,0.00,0.00,136.00,0.00,-2.00,135.00,-5.00,-160.00,-97.00,0.00,0.00,37.26,1.48,1.48,-23.95,37.26,3.39,0.00,0.00,0.00,0.00,0.00,0.00,0.00,0.00,0.00,0.00,0.00,0.00,-27.46,0.00,0.00,0.00,0.00,0.00,0.00,0.00,0.00,0.00,0.00,0.00,-0.19,1.68,0.00,0.00,0.00,0.00,0.00,0.00,0.00,0.00,0.00,0.00,0.00,0.00,0.00,0.00,0.00,
9,SAVE,Q,Dec17,9.68,1.91,1.39,3.61,3.61,0.51,-2.41,0.56,0.00,25.62,25.62,21.67,44.85,59.82,34.18,24.99,18.08,51.88,1.83,3.51,56.06,13.87,37.53,-24.93,0.85,0.43,0.36,37.32,0.17,0.00,6.75,7.10,0.00,-0.35,0.44,0.00,667.00,293.00,374.00,56.06,0.00,0.00,117.00,93.00,13.87,-12.00,-9.00,0.00,0.00,83.00,167.00,-201.63,250.00,0.00,250.00,37.53,3.63,3.61,68.90,36.00,132.00,801.00,101.00,902.00,49.00,0.00,70.00,119.00,0.00,0.00,0.00,0.00,0.00,0.00,259.00,1280.00,0.00,0.00,0.00,155.00,0.00,2446.00,-208.00,2238.00,0.00,0.00,625.00,4144.00,23.00,42.00,0.00,66.00,131.00,115.00,0.00,0.00,0.00,401.00,647.00,1387.00,0.00,1387.00,0.85,332.00,0.00,0.00,2367.00,0.00,0.00,1484.00,-1.00,360.00,-66.00,1777.00,0.43,250.00,36.00,0.00,0.00,-8.00,-153.00,-99.00,2.00,0.00,3.00,39.00,-201.00,0.00,0.00,0.00,-10.00,10.00,0.00,0.00,-32.00,-233.00,0.00,-45.00,0.00,185.00,0.00,-8.00,132.00,-63.00,-205.00,-166.00,0.00,0.00,87.94,1.75,1.75,-18.61,80.09,4.63,0.00,0.00,0.00,0.00,0.00,0.00,0.00,0.00,0.00,0.00,0.00,0.00,-34.82,0.00,0.00,0.00,0.00,0.00,0.00,0.00,0.00,0.00,0.00,0.00,-0.19,1.54,0.00,0.00,0.00,0.00,0.00,0.00,0.00,0.00,0.00,0.00,0.00,0.00,0.00,0.00,0.00,
